Top pages,Clicks,Impressions,CTR,Position
https://staticswift.co.uk/web-designer-website-design-ipswich/,1,171,0.58%,74.96
https://staticswift.co.uk/web-designer-website-design-scarborough/,1,35,2.86%,42.74
https://staticswift.co.uk/website-design-winsford/,1,31,3.23%,36.06
https://staticswift.co.uk/,1,31,3.23%,41.16
https://staticswift.co.uk/mobile-hairdresser-website-design-welshpool/,1,9,11.11%,11
https://staticswift.co.uk/nursery-website-design-oxford/,1,7,14.29%,1.57
https://staticswift.co.uk/caterer-website-design-hampstead/,1,4,25%,55.5
https://staticswift.co.uk/skip-hire-website-design-gloucester/,1,3,33.33%,4
https://staticswift.co.uk/staticswift-vs-squarespace/,1,3,33.33%,16.33
https://staticswift.co.uk/mobile-hairdresser-website-design-oban/,1,2,50%,11
https://staticswift.co.uk/tattoo-studio-website-design-gosport/,1,2,50%,25
https://staticswift.co.uk/plumber-website-design-letchworth/,1,1,100%,1
https://staticswift.co.uk/mobile-hairdresser-website-design-llandudno/,1,1,100%,8
https://staticswift.co.uk/locksmith-website-design-eastbourne/,1,1,100%,23
https://staticswift.co.uk/tiler-website-design-hampstead/,1,1,100%,138
https://staticswift.co.uk/pest-control-website-design-wrexham/,0,653,0%,61.54
https://staticswift.co.uk/web-designer-website-design-scunthorpe/,0,558,0%,55.17
https://staticswift.co.uk/web-designer-website-design-guildford/,0,550,0%,83.19
https://staticswift.co.uk/web-designer-website-design-stafford/,0,443,0%,76.81
https://staticswift.co.uk/website-design-shrewsbury/,0,398,0%,85.67
https://staticswift.co.uk/personal-trainer-website-design-chippenham/,0,386,0%,6.25
https://staticswift.co.uk/website-design-milton-keynes,0,360,0%,85.69
https://staticswift.co.uk/web-designer-website-design-cheltenham/,0,323,0%,74.1
https://staticswift.co.uk/web-designer-website-design-nottingham/,0,317,0%,84.09
https://staticswift.co.uk/web-designer-website-design-st-albans/,0,302,0%,81.55
https://staticswift.co.uk/website-design-walsall/,0,283,0%,55.51
https://staticswift.co.uk/website-design-darlington,0,283,0%,61.77
https://staticswift.co.uk/web-designer-website-design-uttoxeter/,0,272,0%,22.4
https://staticswift.co.uk/web-designer-website-design-stroud/,0,266,0%,58.68
https://staticswift.co.uk/scaffolder-website-design-dudley/,0,257,0%,52.35
https://staticswift.co.uk/web-designer-website-design-bedford/,0,247,0%,67.59
https://staticswift.co.uk/web-designer-website-design-winchester/,0,228,0%,48.11
https://staticswift.co.uk/web-designer-website-design-aberdeen/,0,224,0%,75.12
https://staticswift.co.uk/web-designer-website-design-norwich/,0,218,0%,75.48
https://staticswift.co.uk/website-design-livingston/,0,209,0%,54.33
https://staticswift.co.uk/retail-website-design-bromsgrove/,0,208,0%,58.62
https://staticswift.co.uk/scaffolder-website-design-canterbury/,0,208,0%,70.7
https://staticswift.co.uk/web-designer-website-design-oxford/,0,205,0%,86.08
https://staticswift.co.uk/carpet-cleaner-website-design-sydenham/,0,202,0%,32.14
https://staticswift.co.uk/web-designer-website-design-bromsgrove/,0,202,0%,42.88
https://staticswift.co.uk/website-design-bromsgrove/,0,200,0%,64.28
https://staticswift.co.uk/web-designer-website-design-edinburgh/,0,197,0%,88.66
https://staticswift.co.uk/website-design-redditch,0,190,0%,65.72
https://staticswift.co.uk/retail-website-design-stroud/,0,188,0%,70.18
https://staticswift.co.uk/web-designer-website-design-northampton/,0,180,0%,77.43
https://staticswift.co.uk/website-design-oldham,0,178,0%,62.33
https://staticswift.co.uk/cafe-website-design-uttoxeter/,0,177,0%,54.95
https://staticswift.co.uk/scaffolder-website-design-putney/,0,173,0%,39.39
https://staticswift.co.uk/web-designer-website-design-warwick/,0,171,0%,66.3
https://staticswift.co.uk/web-designer-website-design-bournemouth/,0,170,0%,88.53
https://staticswift.co.uk/website-design-bolton/,0,170,0%,89.01
https://staticswift.co.uk/web-designer-website-design-milton-keynes/,0,165,0%,82.9
https://staticswift.co.uk/web-designer-website-design-hemel-hempstead/,0,161,0%,55.84
https://staticswift.co.uk/web-designer-website-design-bridlington/,0,161,0%,89.61
https://staticswift.co.uk/website-design-halesowen/,0,158,0%,36.62
https://staticswift.co.uk/website-design-darlington/,0,154,0%,63.36
https://staticswift.co.uk/web-designer-website-design-newport/,0,153,0%,80.65
https://staticswift.co.uk/web-designer-website-design-gloucester/,0,147,0%,73.03
https://staticswift.co.uk/scaffolder-website-design-southend-on-sea/,0,142,0%,69.02
https://staticswift.co.uk/carpet-cleaner-website-design-ipswich/,0,140,0%,63.2
https://staticswift.co.uk/web-designer-website-design-bolton/,0,137,0%,79.37
https://staticswift.co.uk/web-designer-website-design-derry/,0,134,0%,52.69
https://staticswift.co.uk/scaffolder-website-design-chelmsford/,0,134,0%,75.03
https://staticswift.co.uk/optician-website-design-redditch/,0,133,0%,46.45
https://staticswift.co.uk/pest-control-website-design-chippenham/,0,131,0%,49.12
https://staticswift.co.uk/scaffolder-website-design-high-wycombe/,0,131,0%,52.57
https://staticswift.co.uk/plasterer-website-design-london/,0,131,0%,72.36
https://staticswift.co.uk/web-designer-website-design-stratford-upon-avon/,0,130,0%,49.9
https://staticswift.co.uk/web-designer-website-design-doncaster/,0,130,0%,74.35
https://staticswift.co.uk/website-design-bedford/,0,130,0%,77.28
https://staticswift.co.uk/scaffolder-website-design-amersham/,0,124,0%,43.81
https://staticswift.co.uk/web-designer-website-design-york/,0,123,0%,80.08
https://staticswift.co.uk/web-designer-website-design-lincoln/,0,123,0%,84.59
https://staticswift.co.uk/web-designer-website-design-lichfield/,0,122,0%,63.28
https://staticswift.co.uk/web-designer-website-design-dundee/,0,122,0%,73.37
https://staticswift.co.uk/web-designer-website-design-southend-on-sea/,0,122,0%,77.76
https://staticswift.co.uk/web-designer-website-design-horsham/,0,119,0%,65.66
https://staticswift.co.uk/scaffolder-website-design-bedford/,0,119,0%,73
https://staticswift.co.uk/web-designer-website-design-cardiff/,0,118,0%,89.19
https://staticswift.co.uk/restaurant-website-design-cwmbran/,0,117,0%,42.5
https://staticswift.co.uk/website-design-warwick/,0,117,0%,80.06
https://staticswift.co.uk/web-designer-website-design-sheffield/,0,117,0%,92.61
https://staticswift.co.uk/website-design-inverness,0,116,0%,76.73
https://staticswift.co.uk/builder-website-design-rugeley/,0,113,0%,35.35
https://staticswift.co.uk/web-designer-website-design-bromley/,0,113,0%,54.56
https://staticswift.co.uk/website-design-horsham/,0,110,0%,78.89
https://staticswift.co.uk/web-designer-website-design-reading/,0,110,0%,82.85
https://staticswift.co.uk/website-design-bolton,0,110,0%,90.97
https://staticswift.co.uk/web-designer-website-design-shrewsbury/,0,108,0%,77.31
https://staticswift.co.uk/web-designer-website-design-letchworth/,0,103,0%,38.17
https://staticswift.co.uk/web-designer-website-design-tamworth/,0,102,0%,48.45
https://staticswift.co.uk/web-designer-website-design-tunbridge-wells/,0,102,0%,79.56
https://staticswift.co.uk/web-designer-website-design-cannock/,0,101,0%,58.18
https://staticswift.co.uk/painter-decorator-website-design-chichester/,0,100,0%,55.93
https://staticswift.co.uk/web-designer-website-design-banbury/,0,100,0%,61.05
https://staticswift.co.uk/builder-website-design-halesowen/,0,99,0%,57.91
https://staticswift.co.uk/web-designer-website-design-redditch/,0,98,0%,55.87
https://staticswift.co.uk/web-designer-website-design-stevenage/,0,98,0%,65.43
https://staticswift.co.uk/web-designer-website-design-birmingham/,0,96,0%,76.29
https://staticswift.co.uk/web-designer-website-design-leicester/,0,96,0%,80.86
https://staticswift.co.uk/retail-website-design-fareham/,0,94,0%,52.64
https://staticswift.co.uk/painter-decorator-website-design-wimbledon/,0,94,0%,57.59
https://staticswift.co.uk/web-designer-website-design-hereford/,0,94,0%,65.85
https://staticswift.co.uk/web-designer-website-design-harrogate/,0,93,0%,79.25
https://staticswift.co.uk/scaffolder-website-design-lewes/,0,92,0%,36.17
https://staticswift.co.uk/pest-control-website-design-trowbridge/,0,92,0%,43.59
https://staticswift.co.uk/carpet-cleaner-website-design-swadlincote/,0,90,0%,34.29
https://staticswift.co.uk/scaffolder-website-design-guildford/,0,90,0%,77.28
https://staticswift.co.uk/web-designer-website-design-stourbridge/,0,89,0%,35.75
https://staticswift.co.uk/web-designer-website-design-chelsea/,0,89,0%,36.98
https://staticswift.co.uk/carpet-cleaner-website-design-chippenham/,0,89,0%,43.61
https://staticswift.co.uk/web-designer-website-design-leeds/,0,88,0%,84.41
https://staticswift.co.uk/web-designer-website-design-ayr/,0,87,0%,55.01
https://staticswift.co.uk/web-designer-website-design-hawick/,0,87,0%,76.63
https://staticswift.co.uk/retail-website-design-horsham/,0,87,0%,83.38
https://staticswift.co.uk/painter-decorator-website-design-st-albans/,0,86,0%,59.83
https://staticswift.co.uk/web-designer-website-design-peterborough/,0,86,0%,69.33
https://staticswift.co.uk/web-designer-website-design-worcester/,0,84,0%,59.83
https://staticswift.co.uk/scaffolder-website-design-crawley/,0,84,0%,71.86
https://staticswift.co.uk/web-designer-website-design-chester/,0,84,0%,80.43
https://staticswift.co.uk/website-design-bury-st-edmunds/,0,84,0%,85.55
https://staticswift.co.uk/scaffolder-website-design-wolverhampton/,0,83,0%,88.58
https://staticswift.co.uk/scaffolder-website-design-harlow/,0,82,0%,37.66
https://staticswift.co.uk/painter-decorator-website-design-chiswick/,0,82,0%,61.51
https://staticswift.co.uk/website-design-hitchin/,0,82,0%,73.9
https://staticswift.co.uk/scaffolder-website-design-walsall/,0,81,0%,60.69
https://staticswift.co.uk/scaffolder-website-design-taunton/,0,81,0%,69.19
https://staticswift.co.uk/web-designer-website-design-derby/,0,81,0%,85
https://staticswift.co.uk/roofer-website-design-droitwich/,0,80,0%,53.11
https://staticswift.co.uk/window-cleaner-website-design-bedford/,0,80,0%,70.44
https://staticswift.co.uk/web-designer-website-design-lewes/,0,79,0%,49.76
https://staticswift.co.uk/web-designer-website-design-stoke-on-trent/,0,79,0%,79.3
https://staticswift.co.uk/web-designer-website-design-southampton/,0,79,0%,81.14
https://staticswift.co.uk/scaffolder-website-design-cannock/,0,78,0%,45.72
https://staticswift.co.uk/roofer-website-design-tring/,0,78,0%,53.63
https://staticswift.co.uk/web-designer-website-design-chichester/,0,78,0%,70.67
https://staticswift.co.uk/removals-website-design-aldershot/,0,77,0%,51.83
https://staticswift.co.uk/scaffolder-website-design-gloucester/,0,77,0%,68.34
https://staticswift.co.uk/website-design-lewes/,0,76,0%,58.3
https://staticswift.co.uk/web-designer-website-design-belfast/,0,76,0%,63.12
https://staticswift.co.uk/website-design-warwick,0,76,0%,76.39
https://staticswift.co.uk/builder-website-design-stroud/,0,76,0%,81.66
https://staticswift.co.uk/web-designer-website-design-bath/,0,76,0%,90.33
https://staticswift.co.uk/web-designer-website-design-bradford/,0,75,0%,80.08
https://staticswift.co.uk/web-designer-website-design-livingston/,0,74,0%,39.12
https://staticswift.co.uk/painter-decorator-website-design-hitchin/,0,74,0%,48.89
https://staticswift.co.uk/web-designer-website-design-ashford/,0,74,0%,62.39
https://staticswift.co.uk/web-designer-website-design-taunton/,0,74,0%,70.7
https://staticswift.co.uk/web-designer-website-design-telford/,0,73,0%,65.73
https://staticswift.co.uk/web-designer-website-design-paisley/,0,72,0%,44.1
https://staticswift.co.uk/optician-website-design-chelsea/,0,72,0%,54.86
https://staticswift.co.uk/builder-website-design-nantwich/,0,71,0%,52.42
https://staticswift.co.uk/web-designer-website-design-weymouth/,0,71,0%,58.62
https://staticswift.co.uk/web-designer-website-design-glasgow/,0,71,0%,69.07
https://staticswift.co.uk/website-design-newbury/,0,71,0%,78.07
https://staticswift.co.uk/scaffolder-website-design-kensington/,0,70,0%,55.57
https://staticswift.co.uk/carpet-cleaner-website-design-oldham/,0,70,0%,61.29
https://staticswift.co.uk/web-designer-website-design-stockport/,0,70,0%,73.04
https://staticswift.co.uk/scaffolder-website-design-lichfield/,0,69,0%,43.32
https://staticswift.co.uk/removals-website-design-ware/,0,69,0%,54.12
https://staticswift.co.uk/plasterer-website-design-sutton-coldfield/,0,69,0%,56.91
https://staticswift.co.uk/web-designer-website-design-leigh/,0,69,0%,64.25
https://staticswift.co.uk/web-designer-website-design-swansea/,0,69,0%,77.03
https://staticswift.co.uk/web-designer-website-design-wolverhampton/,0,69,0%,85.23
https://staticswift.co.uk/web-designer-website-design-witney/,0,68,0%,40.25
https://staticswift.co.uk/website-design-grantham/,0,68,0%,44.09
https://staticswift.co.uk/web-designer-website-design-falkirk/,0,68,0%,45.18
https://staticswift.co.uk/scaffolder-website-design-basildon/,0,68,0%,63.47
https://staticswift.co.uk/carpet-cleaner-website-design-aylesbury/,0,67,0%,41.93
https://staticswift.co.uk/website-design-letchworth/,0,67,0%,51.24
https://staticswift.co.uk/web-designer-website-design-darlington/,0,67,0%,53.93
https://staticswift.co.uk/scaffolder-website-design-haywards-heath/,0,66,0%,38.14
https://staticswift.co.uk/scaffolder-website-design-walthamstow/,0,66,0%,44.27
https://staticswift.co.uk/web-designer-website-design-andover/,0,66,0%,53.83
https://staticswift.co.uk/optician-website-design-islington/,0,66,0%,54.03
https://staticswift.co.uk/web-designer-website-design-mansfield/,0,66,0%,64.88
https://staticswift.co.uk/website-design-glastonbury/,0,65,0%,30.78
https://staticswift.co.uk/scaffolder-website-design-finchley/,0,65,0%,63.32
https://staticswift.co.uk/web-designer-website-design-hull/,0,65,0%,68.22
https://staticswift.co.uk/estate-agent-website-design-greenock/,0,64,0%,29.56
https://staticswift.co.uk/scaffolder-website-design-aylesbury/,0,64,0%,53.66
https://staticswift.co.uk/web-designer-website-design-salisbury/,0,64,0%,71.06
https://staticswift.co.uk/web-designer-website-design-liverpool/,0,64,0%,91.31
https://staticswift.co.uk/pub-website-design-streatham/,0,63,0%,36.83
https://staticswift.co.uk/carpet-cleaner-website-design-trowbridge/,0,62,0%,49.74
https://staticswift.co.uk/scaffolder-website-design-stourbridge/,0,62,0%,53.71
https://staticswift.co.uk/website-design-walsall,0,62,0%,57.84
https://staticswift.co.uk/web-designer-website-design-oldham/,0,61,0%,47.38
https://staticswift.co.uk/scaffolder-website-design-barnet/,0,61,0%,50.87
https://staticswift.co.uk/web-designer-website-design-weston-super-mare/,0,61,0%,54.87
https://staticswift.co.uk/web-designer-website-design-poole/,0,61,0%,81.15
https://staticswift.co.uk/web-designer-website-design-droitwich/,0,60,0%,33.87
https://staticswift.co.uk/web-designer-website-design-basingstoke/,0,60,0%,70.4
https://staticswift.co.uk/web-designer-website-design-halesowen/,0,59,0%,29
https://staticswift.co.uk/web-designer-website-design-retford/,0,59,0%,38.54
https://staticswift.co.uk/web-designer-website-design-folkestone/,0,59,0%,55.63
https://staticswift.co.uk/scaffolder-website-design-epsom/,0,59,0%,63.07
https://staticswift.co.uk/pest-control-website-design-crewe/,0,59,0%,65.54
https://staticswift.co.uk/web-designer-website-design-rugeley/,0,58,0%,22.05
https://staticswift.co.uk/web-designer-website-design-bracknell/,0,58,0%,46.62
https://staticswift.co.uk/scaffolder-website-design-lewisham/,0,58,0%,49.83
https://staticswift.co.uk/web-designer-website-design-hastings/,0,58,0%,69.38
https://staticswift.co.uk/web-designer-website-design-bury-st-edmunds/,0,58,0%,74.24
https://staticswift.co.uk/scaffolder-website-design-marylebone/,0,57,0%,26.77
https://staticswift.co.uk/web-designer-website-design-dudley/,0,57,0%,42.88
https://staticswift.co.uk/website-design-stroud/,0,57,0%,72.54
https://staticswift.co.uk/retail-website-design-redditch,0,57,0%,81.02
https://staticswift.co.uk/removals-website-design-whitehaven/,0,56,0%,32.73
https://staticswift.co.uk/scaffolder-website-design-grantham/,0,56,0%,36.54
https://staticswift.co.uk/web-designer-website-design-ross-on-wye/,0,56,0%,37.71
https://staticswift.co.uk/carpet-cleaner-website-design-bexleyheath/,0,56,0%,42.48
https://staticswift.co.uk/web-designer-website-design-dorchester/,0,56,0%,43.55
https://staticswift.co.uk/website-design-truro,0,56,0%,54.84
https://staticswift.co.uk/web-designer-website-design-plymouth/,0,56,0%,81.86
https://staticswift.co.uk/retail-website-design-tunbridge-wells/,0,56,0%,91.46
https://staticswift.co.uk/carpet-cleaner-website-design-peckham/,0,55,0%,36.75
https://staticswift.co.uk/web-designer-website-design-corby/,0,54,0%,30.22
https://staticswift.co.uk/scaffolder-website-design-battersea/,0,54,0%,35.28
https://staticswift.co.uk/carpet-cleaner-website-design-bournemouth/,0,54,0%,69.59
https://staticswift.co.uk/web-designer-website-design-wigan/,0,54,0%,86.8
https://staticswift.co.uk/web-designer-website-design-middlesbrough/,0,54,0%,87.69
https://staticswift.co.uk/scaffolder-website-design-newbury/,0,53,0%,41.6
https://staticswift.co.uk/scaffolder-website-design-willenhall/,0,53,0%,43.32
https://staticswift.co.uk/web-designer-website-design-kendal/,0,53,0%,61.79
https://staticswift.co.uk/photographer-website-design-huddersfield/,0,53,0%,63.4
https://staticswift.co.uk/restaurant-website-design-lewisham/,0,53,0%,65.57
https://staticswift.co.uk/gardener-website-design-wimbledon/,0,53,0%,75.62
https://staticswift.co.uk/scaffolder-website-design-milton-keynes/,0,53,0%,77.32
https://staticswift.co.uk/web-designer-website-design-maidstone/,0,53,0%,80.6
https://staticswift.co.uk/florist-website-design-stourbridge/,0,52,0%,44
https://staticswift.co.uk/web-designer-website-design-watford/,0,52,0%,69.15
https://staticswift.co.uk/cake-maker-website-design-neath/,0,51,0%,23.1
https://staticswift.co.uk/skip-hire-website-design-tring/,0,51,0%,26.2
https://staticswift.co.uk/scaffolder-website-design-rushden/,0,51,0%,45.41
https://staticswift.co.uk/dry-cleaner-website-design-uttoxeter/,0,51,0%,50.82
https://staticswift.co.uk/scaffolder-website-design-romford/,0,51,0%,61.96
https://staticswift.co.uk/retail-website-design-halesowen/,0,51,0%,64.75
https://staticswift.co.uk/scaffolder-website-design-woking/,0,51,0%,69.25
https://staticswift.co.uk/painter-decorator-website-design-horsham/,0,50,0%,38.62
https://staticswift.co.uk/scaffolder-website-design-royston/,0,50,0%,52.28
https://staticswift.co.uk/web-designer-website-design-newcastle/,0,50,0%,81.62
https://staticswift.co.uk/builder-website-design-putney/,0,49,0%,37.76
https://staticswift.co.uk/web-designer-website-design-clacton-on-sea/,0,49,0%,45.67
https://staticswift.co.uk/web-designer-website-design-walsall/,0,49,0%,52.61
https://staticswift.co.uk/website-design-hemel-hempstead,0,49,0%,58.45
https://staticswift.co.uk/web-designer-website-design-leamington-spa/,0,49,0%,64.47
https://staticswift.co.uk/solicitor-website-design-hemel-hempstead/,0,49,0%,71.24
https://staticswift.co.uk/web-designer-website-design-durham/,0,49,0%,82.65
https://staticswift.co.uk/web-designer-website-design-blackpool/,0,49,0%,83.94
https://staticswift.co.uk/florist-website-design-bicester/,0,48,0%,38.88
https://staticswift.co.uk/web-designer-website-design-hitchin/,0,48,0%,46.06
https://staticswift.co.uk/scaffolder-website-design-weston-super-mare/,0,48,0%,46.42
https://staticswift.co.uk/web-designer-website-design-kettering/,0,48,0%,58.1
https://staticswift.co.uk/scaffolder-website-design-stevenage/,0,48,0%,62.06
https://staticswift.co.uk/skip-hire-website-design-folkestone/,0,48,0%,63.19
https://staticswift.co.uk/solicitor-website-design-leamington-spa,0,48,0%,85.42
https://staticswift.co.uk/website-design-oxford/,0,48,0%,91.15
https://staticswift.co.uk/web-designer-website-design-chippenham/,0,47,0%,53.6
https://staticswift.co.uk/scaffolder-website-design-kettering/,0,47,0%,53.94
https://staticswift.co.uk/carpet-cleaner-website-design-carlisle/,0,47,0%,54.77
https://staticswift.co.uk/web-designer-website-design-worthing/,0,47,0%,62.77
https://staticswift.co.uk/gym-website-design-llandudno/,0,46,0%,33.7
https://staticswift.co.uk/retail-website-design-uttoxeter/,0,46,0%,49.96
https://staticswift.co.uk/window-cleaner-website-design-rotherham/,0,46,0%,58.87
https://staticswift.co.uk/carpet-cleaner-website-design-twickenham/,0,46,0%,67.83
https://staticswift.co.uk/restaurant-website-design-bromsgrove/,0,46,0%,70.74
https://staticswift.co.uk/scaffolder-website-design-brigg/,0,45,0%,22.58
https://staticswift.co.uk/web-designer-website-design-rotherham/,0,45,0%,48.18
https://staticswift.co.uk/carpet-cleaner-website-design-soho/,0,45,0%,48.51
https://staticswift.co.uk/florist-website-design-south-shields/,0,45,0%,53.98
https://staticswift.co.uk/web-designer-website-design-tonbridge/,0,45,0%,55.2
https://staticswift.co.uk/web-designer-website-design-woking/,0,45,0%,60.09
https://staticswift.co.uk/web-designer-website-design-aylesbury/,0,45,0%,60.16
https://staticswift.co.uk/removals-website-design-chatham/,0,45,0%,66.69
https://staticswift.co.uk/skip-hire-website-design-tipton/,0,45,0%,66.87
https://staticswift.co.uk/carpet-cleaner-website-design-burton-upon-trent/,0,44,0%,29.09
https://staticswift.co.uk/web-designer-website-design-kidderminster/,0,44,0%,38.66
https://staticswift.co.uk/removals-website-design-kirkcaldy/,0,44,0%,43.18
https://staticswift.co.uk/window-cleaner-website-design-newport/,0,44,0%,46.77
https://staticswift.co.uk/web-designer-website-design-camden/,0,44,0%,46.98
https://staticswift.co.uk/pub-website-design-london/,0,44,0%,53.86
https://staticswift.co.uk/web-designer-website-design-preston/,0,44,0%,90.52
https://staticswift.co.uk/accountant-website-design-thetford/,0,43,0%,33.84
https://staticswift.co.uk/pub-website-design-soho/,0,43,0%,40.14
https://staticswift.co.uk/optician-website-design-shoreditch/,0,43,0%,43.07
https://staticswift.co.uk/scaffolder-website-design-corby/,0,43,0%,51.67
https://staticswift.co.uk/scaffolder-website-design-chippenham/,0,43,0%,57
https://staticswift.co.uk/optician-website-design-ayr/,0,43,0%,57.02
https://staticswift.co.uk/skip-hire-website-design-sedgley/,0,43,0%,66.81
https://staticswift.co.uk/web-designer-website-design-brighton/,0,43,0%,72.02
https://staticswift.co.uk/pub-website-design-notting-hill/,0,43,0%,73.91
https://staticswift.co.uk/scaffolder-website-design-cheltenham/,0,43,0%,77.02
https://staticswift.co.uk/website-design-exeter,0,43,0%,95.28
https://staticswift.co.uk/carpet-cleaner-website-design-shipley/,0,42,0%,30.9
https://staticswift.co.uk/painter-decorator-website-design-oldham/,0,42,0%,37.52
https://staticswift.co.uk/painter-decorator-website-design-uxbridge/,0,42,0%,45.86
https://staticswift.co.uk/web-designer-website-design-kings-lynn/,0,42,0%,50.62
https://staticswift.co.uk/scaffolder-website-design-torquay/,0,42,0%,56.64
https://staticswift.co.uk/web-designer-website-design-barnsley/,0,42,0%,68.33
https://staticswift.co.uk/skip-hire-website-design-salisbury/,0,42,0%,69.57
https://staticswift.co.uk/web-designer-website-design-aldershot/,0,41,0%,25.68
https://staticswift.co.uk/window-cleaner-website-design-rushden/,0,41,0%,25.8
https://staticswift.co.uk/painter-decorator-website-design-burnley/,0,41,0%,52.39
https://staticswift.co.uk/scaffolder-website-design-chelsea/,0,41,0%,54.59
https://staticswift.co.uk/skip-hire-website-design-torquay/,0,41,0%,59.05
https://staticswift.co.uk/tattoo-studio-website-design-streatham/,0,41,0%,62.15
https://staticswift.co.uk/website-design-witney/,0,41,0%,64.76
https://staticswift.co.uk/window-cleaner-website-design-st-albans/,0,41,0%,68
https://staticswift.co.uk/website-design-hemel-hempstead/,0,41,0%,73.22
https://staticswift.co.uk/scaffolder-website-design-tadcaster/,0,40,0%,18
https://staticswift.co.uk/web-designer-website-design-wokingham/,0,40,0%,37.05
https://staticswift.co.uk/website-design-redditch/,0,40,0%,53.52
https://staticswift.co.uk/scaffolder-website-design-chichester/,0,40,0%,59
https://staticswift.co.uk/restaurant-website-design-london/,0,40,0%,66.08
https://staticswift.co.uk/builder-website-design-romford/,0,40,0%,74.55
https://staticswift.co.uk/web-designer-website-design-cambridge/,0,40,0%,79.85
https://staticswift.co.uk/web-designer-website-design-torquay/,0,40,0%,84.58
https://staticswift.co.uk/web-designer-website-design-cumbernauld/,0,39,0%,26.54
https://staticswift.co.uk/carpet-cleaner-website-design-kings-lynn/,0,39,0%,33.69
https://staticswift.co.uk/web-designer-website-design-stamford/,0,39,0%,58.51
https://staticswift.co.uk/web-designer-website-design-stratford/,0,39,0%,59.82
https://staticswift.co.uk/web-designer-website-design-basildon/,0,39,0%,69.51
https://staticswift.co.uk/removals-website-design-gillingham/,0,39,0%,74.41
https://staticswift.co.uk/scaffolder-website-design-lincoln/,0,39,0%,76.87
https://staticswift.co.uk/scaffolder-website-design-bournemouth/,0,39,0%,78.23
https://staticswift.co.uk/retail-website-design-banbury/,0,39,0%,80.95
https://staticswift.co.uk/scaffolder-website-design-mansfield/,0,39,0%,82.46
https://staticswift.co.uk/web-designer-website-design-marylebone/,0,38,0%,16.21
https://staticswift.co.uk/caterer-website-design-bethnal-green/,0,38,0%,23.92
https://staticswift.co.uk/web-designer-website-design-newquay/,0,38,0%,29.76
https://staticswift.co.uk/joiner-website-design-altrincham/,0,38,0%,30.58
https://staticswift.co.uk/pest-control-website-design-coatbridge/,0,38,0%,34.05
https://staticswift.co.uk/scaffolder-website-design-ross-on-wye/,0,38,0%,37.08
https://staticswift.co.uk/scaffolder-website-design-bridgwater/,0,38,0%,40.55
https://staticswift.co.uk/optician-website-design-halifax/,0,38,0%,44.63
https://staticswift.co.uk/removals-website-design-littlehampton/,0,38,0%,47.29
https://staticswift.co.uk/skip-hire-website-design-bridgwater/,0,38,0%,48.24
https://staticswift.co.uk/carpet-cleaner-website-design-swindon/,0,38,0%,75.71
https://staticswift.co.uk/retail-website-design-warwick/,0,38,0%,77.63
https://staticswift.co.uk/painter-decorator-website-design-chelsea/,0,38,0%,78.29
https://staticswift.co.uk/retail-website-design-bury/,0,38,0%,83.37
https://staticswift.co.uk/website-design-ipswich/,0,38,0%,84.11
https://staticswift.co.uk/web-designer-website-design-fleet/,0,37,0%,33.7
https://staticswift.co.uk/plasterer-website-design-macclesfield/,0,37,0%,52.76
https://staticswift.co.uk/optician-website-design-bromsgrove/,0,37,0%,54.65
https://staticswift.co.uk/pest-control-website-design-tunbridge-wells/,0,37,0%,55.3
https://staticswift.co.uk/web-designer-website-design-burnley/,0,37,0%,58.76
https://staticswift.co.uk/website-design-huntingdon/,0,37,0%,78.03
https://staticswift.co.uk/restaurant-website-design-redditch/,0,37,0%,83.43
https://staticswift.co.uk/web-designer-website-design-colchester/,0,37,0%,83.73
https://staticswift.co.uk/pest-control-website-design-ruislip/,0,36,0%,29.58
https://staticswift.co.uk/web-designer-website-design-cwmbran/,0,36,0%,29.75
https://staticswift.co.uk/restaurant-website-design-wantage/,0,36,0%,42.28
https://staticswift.co.uk/web-designer-website-design-amersham/,0,36,0%,46.78
https://staticswift.co.uk/window-cleaner-website-design-wellingborough/,0,36,0%,51.47
https://staticswift.co.uk/scaffolder-website-design-hitchin/,0,36,0%,52.97
https://staticswift.co.uk/scaffolder-website-design-ilford/,0,36,0%,60.25
https://staticswift.co.uk/web-designer-website-design-wakefield/,0,36,0%,66.03
https://staticswift.co.uk/scaffolder-website-design-plymouth/,0,36,0%,72.17
https://staticswift.co.uk/website-design-aylesbury/,0,36,0%,73.58
https://staticswift.co.uk/removals-website-design-reading/,0,36,0%,74.39
https://staticswift.co.uk/tutor-website-design-covent-garden/,0,35,0%,20.51
https://staticswift.co.uk/web-designer-website-design-macclesfield/,0,35,0%,34.71
https://staticswift.co.uk/optician-website-design-camden/,0,35,0%,40.09
https://staticswift.co.uk/web-designer-website-design-evesham/,0,35,0%,42.86
https://staticswift.co.uk/web-designer-website-design-ilkeston/,0,35,0%,43.43
https://staticswift.co.uk/electrician-website-design-thetford/,0,35,0%,45.37
https://staticswift.co.uk/website-design-rugeley/,0,35,0%,46.23
https://staticswift.co.uk/scaffolder-website-design-telford/,0,35,0%,47.8
https://staticswift.co.uk/website-design-merthyr-tydfil/,0,35,0%,58.11
https://staticswift.co.uk/website-design-scunthorpe/,0,35,0%,60.83
https://staticswift.co.uk/pub-website-design-covent-garden/,0,35,0%,62.86
https://staticswift.co.uk/web-designer-website-design-chesterfield/,0,35,0%,67.43
https://staticswift.co.uk/skip-hire-website-design-banbury/,0,35,0%,68.43
https://staticswift.co.uk/web-designer-website-design-romford/,0,35,0%,68.89
https://staticswift.co.uk/skip-hire-website-design-chippenham/,0,35,0%,69.03
https://staticswift.co.uk/retail-website-design-woking/,0,35,0%,72.57
https://staticswift.co.uk/scaffolder-website-design-leicester/,0,35,0%,78.66
https://staticswift.co.uk/florist-website-design-penrith/,0,34,0%,30.91
https://staticswift.co.uk/plasterer-website-design-congleton/,0,34,0%,33.62
https://staticswift.co.uk/skip-hire-website-design-manchester/,0,34,0%,38.24
https://staticswift.co.uk/wedding-planner-website-design-oxford/,0,34,0%,40.21
https://staticswift.co.uk/roofer-website-design-thetford/,0,34,0%,40.74
https://staticswift.co.uk/website-design-wokingham/,0,34,0%,47.97
https://staticswift.co.uk/removals-website-design-london/,0,34,0%,49.94
https://staticswift.co.uk/scaffolder-website-design-sleaford/,0,34,0%,50.44
https://staticswift.co.uk/scaffolder-website-design-st-albans/,0,34,0%,51.41
https://staticswift.co.uk/web-designer-website-design-huntingdon/,0,34,0%,53.06
https://staticswift.co.uk/personal-trainer-website-design-darlington,0,34,0%,58.62
https://staticswift.co.uk/retail-website-design-letchworth/,0,34,0%,62.12
https://staticswift.co.uk/retail-website-design-lewes/,0,34,0%,68.29
https://staticswift.co.uk/locksmith-website-design-marylebone/,0,34,0%,69.82
https://staticswift.co.uk/web-designer-website-design-portsmouth/,0,34,0%,84.03
https://staticswift.co.uk/web-designer-website-design-sleaford/,0,33,0%,28.48
https://staticswift.co.uk/tiler-website-design-colchester/,0,33,0%,38.97
https://staticswift.co.uk/pest-control-website-design-bridlington/,0,33,0%,45.18
https://staticswift.co.uk/web-designer-website-design-ilford/,0,33,0%,58.06
https://staticswift.co.uk/window-cleaner-website-design-dudley/,0,33,0%,60.27
https://staticswift.co.uk/removals-website-design-brentford/,0,33,0%,70.7
https://staticswift.co.uk/web-designer-website-design-halifax/,0,33,0%,76.88
https://staticswift.co.uk/website-design-leicester,0,33,0%,78.58
https://staticswift.co.uk/web-designer-website-design-warrington/,0,33,0%,81
https://staticswift.co.uk/web-designer-website-design-spalding/,0,32,0%,34.34
https://staticswift.co.uk/carpet-cleaner-website-design-loughborough/,0,32,0%,35.78
https://staticswift.co.uk/accountant-website-design-ilkeston/,0,32,0%,39.66
https://staticswift.co.uk/window-cleaner-website-design-tooting/,0,32,0%,40.25
https://staticswift.co.uk/plasterer-website-design-ashford/,0,32,0%,45.09
https://staticswift.co.uk/scaffolder-website-design-gillingham/,0,32,0%,49.12
https://staticswift.co.uk/scaffolder-website-design-enfield/,0,32,0%,53.19
https://staticswift.co.uk/scaffolder-website-design-warwick/,0,32,0%,55.06
https://staticswift.co.uk/website-design-paisley/,0,32,0%,59.03
https://staticswift.co.uk/window-cleaner-website-design-clapham/,0,32,0%,61.97
https://staticswift.co.uk/tattoo-studio-website-design-marylebone/,0,32,0%,66.56
https://staticswift.co.uk/estate-agent-website-design-chatham/,0,32,0%,66.59
https://staticswift.co.uk/skip-hire-website-design-llanelli/,0,32,0%,66.94
https://staticswift.co.uk/painter-decorator-website-design-fulham/,0,32,0%,67.69
https://staticswift.co.uk/pest-control-website-design-telford/,0,32,0%,69.47
https://staticswift.co.uk/builder-website-design-bury-st-edmunds/,0,32,0%,76.75
https://staticswift.co.uk/window-cleaner-website-design-seaham/,0,32,0%,81.28
https://staticswift.co.uk/accountant-website-design-fleetwood/,0,31,0%,24.23
https://staticswift.co.uk/carpet-cleaner-website-design-covent-garden/,0,31,0%,25.71
https://staticswift.co.uk/window-cleaner-website-design-godalming/,0,31,0%,26
https://staticswift.co.uk/pest-control-website-design-wood-green/,0,31,0%,26.29
https://staticswift.co.uk/painter-decorator-website-design-tamworth/,0,31,0%,29.45
https://staticswift.co.uk/web-designer-website-design-clitheroe/,0,31,0%,34.39
https://staticswift.co.uk/web-designer-website-design-merthyr-tydfil/,0,31,0%,38.45
https://staticswift.co.uk/web-designer-website-design-notting-hill/,0,31,0%,45.42
https://staticswift.co.uk/skip-hire-website-design-frome/,0,31,0%,49.87
https://staticswift.co.uk/pest-control-website-design-twickenham/,0,31,0%,53.19
https://staticswift.co.uk/scaffolder-website-design-horsham/,0,31,0%,63
https://staticswift.co.uk/carpet-cleaner-website-design-st-albans/,0,31,0%,65.52
https://staticswift.co.uk/builder-website-design-macclesfield/,0,31,0%,68.55
https://staticswift.co.uk/web-designer-website-design-luton/,0,31,0%,73.1
https://staticswift.co.uk/retail-website-design-witney/,0,31,0%,76.35
https://staticswift.co.uk/estate-agent-website-design-wandsworth/,0,31,0%,79.61
https://staticswift.co.uk/retail-website-design-newport/,0,31,0%,92.35
https://staticswift.co.uk/website-design-huddersfield/,0,31,0%,95.13
https://staticswift.co.uk/web-designer-website-design-gainsborough/,0,30,0%,24.8
https://staticswift.co.uk/removals-website-design-frome/,0,30,0%,36.23
https://staticswift.co.uk/window-cleaner-website-design-halesowen/,0,30,0%,42.53
https://staticswift.co.uk/website-design-yeovil/,0,30,0%,46.47
https://staticswift.co.uk/removals-website-design-stourbridge/,0,30,0%,49.33
https://staticswift.co.uk/window-cleaner-website-design-horsham/,0,30,0%,50.37
https://staticswift.co.uk/retail-website-design-cwmbran/,0,30,0%,54.03
https://staticswift.co.uk/removals-website-design-burgess-hill/,0,30,0%,58.53
https://staticswift.co.uk/website-design-malvern/,0,30,0%,65.97
https://staticswift.co.uk/plasterer-website-design-craigavon/,0,30,0%,68.9
https://staticswift.co.uk/web-designer-website-design-bury/,0,30,0%,69.37
https://staticswift.co.uk/builder-website-design-bromsgrove/,0,30,0%,69.9
https://staticswift.co.uk/tattoo-studio-website-design/,0,30,0%,71.93
https://staticswift.co.uk/scaffolder-website-design-letchworth/,0,30,0%,74.3
https://staticswift.co.uk/gardener-website-design-twickenham/,0,30,0%,86.2
https://staticswift.co.uk/retail-website-design-lichfield/,0,30,0%,86.73
https://staticswift.co.uk/web-designer-website-design-long-eaton/,0,29,0%,27.83
https://staticswift.co.uk/tiler-website-design-banbury/,0,29,0%,31.69
https://staticswift.co.uk/plasterer-website-design-scunthorpe/,0,29,0%,43.1
https://staticswift.co.uk/web-designer-website-design-malvern/,0,29,0%,48.24
https://staticswift.co.uk/removals-website-design-muswell-hill/,0,29,0%,50.45
https://staticswift.co.uk/painter-decorator-website-design-blackpool/,0,29,0%,50.97
https://staticswift.co.uk/website-design-clitheroe/,0,29,0%,55.93
https://staticswift.co.uk/locksmith-website-design-london/,0,29,0%,65.07
https://staticswift.co.uk/website-design-barnet/,0,29,0%,68.03
https://staticswift.co.uk/cleaning-company-website-design-uttoxeter/,0,29,0%,70.83
https://staticswift.co.uk/restaurant-website-design-woking/,0,29,0%,71.52
https://staticswift.co.uk/plasterer-website-design-halifax/,0,29,0%,72.72
https://staticswift.co.uk/pub-website-design-dover/,0,29,0%,74.69
https://staticswift.co.uk/pub-website-design-stroud/,0,29,0%,76.38
https://staticswift.co.uk/web-designer-website-design-carlisle/,0,29,0%,76.66
https://staticswift.co.uk/pub-website-design-stratford/,0,29,0%,80.93
https://staticswift.co.uk/retail-website-design-colchester/,0,29,0%,92.38
https://staticswift.co.uk/painter-decorator-website-design-hackney/,0,28,0%,37.57
https://staticswift.co.uk/scaffolder-website-design-felixstowe/,0,28,0%,38.61
https://staticswift.co.uk/painter-decorator-website-design-thetford/,0,28,0%,47.89
https://staticswift.co.uk/optician-website-design-kilmarnock/,0,28,0%,48.96
https://staticswift.co.uk/carpet-cleaner-website-design-harlow/,0,28,0%,49.36
https://staticswift.co.uk/website-design-tewkesbury/,0,28,0%,53.04
https://staticswift.co.uk/carpet-cleaner-website-design-barnsley/,0,28,0%,64.11
https://staticswift.co.uk/skip-hire-website-design-stourbridge/,0,28,0%,66.79
https://staticswift.co.uk/builder-website-design-scunthorpe/,0,28,0%,75.32
https://staticswift.co.uk/web-designer-website-design-glastonbury/,0,27,0%,18.33
https://staticswift.co.uk/web-designer-website-design-fulham/,0,27,0%,20.74
https://staticswift.co.uk/tutor-website-design-marylebone/,0,27,0%,26.93
https://staticswift.co.uk/dj-website-design-greenock/,0,27,0%,34.74
https://staticswift.co.uk/web-designer-website-design-sutton-coldfield/,0,27,0%,44
https://staticswift.co.uk/plasterer-website-design-romford/,0,27,0%,44.89
https://staticswift.co.uk/optician-website-design-droitwich/,0,27,0%,45.48
https://staticswift.co.uk/tiler-website-design-ipswich/,0,27,0%,48.67
https://staticswift.co.uk/removals-website-design-stroud/,0,27,0%,48.85
https://staticswift.co.uk/plasterer-website-design-carlisle/,0,27,0%,58.81
https://staticswift.co.uk/carpet-cleaner-website-design-ashford/,0,27,0%,61.15
https://staticswift.co.uk/scaffolder-website-design-sutton-in-ashfield/,0,27,0%,62.04
https://staticswift.co.uk/skip-hire-website-design-dorchester/,0,27,0%,62.89
https://staticswift.co.uk/retail-website-design-caerphilly/,0,27,0%,73.89
https://staticswift.co.uk/web-designer-website-design-kilmarnock/,0,27,0%,76.41
https://staticswift.co.uk/website-design-dunfermline,0,27,0%,77.63
https://staticswift.co.uk/web-designer-website-design-bristol/,0,27,0%,85.7
https://staticswift.co.uk/website-design-marylebone/,0,26,0%,27.69
https://staticswift.co.uk/web-designer-website-design-pontypridd/,0,26,0%,32.65
https://staticswift.co.uk/personal-trainer-website-design-croydon/,0,26,0%,33.54
https://staticswift.co.uk/web-designer-website-design-port-talbot/,0,26,0%,36.42
https://staticswift.co.uk/pest-control-website-design-airdrie/,0,26,0%,40.38
https://staticswift.co.uk/website-design-fareham/,0,26,0%,43.42
https://staticswift.co.uk/restaurant-website-design-halesowen/,0,26,0%,57.81
https://staticswift.co.uk/joiner-website-design-chelmsford/,0,26,0%,60.73
https://staticswift.co.uk/removals-website-design-yeovil/,0,26,0%,65.92
https://staticswift.co.uk/scaffolder-website-design-cleethorpes/,0,26,0%,66.85
https://staticswift.co.uk/cafe-website-design-bromsgrove/,0,26,0%,71.96
https://staticswift.co.uk/scaffolder-website-design-northampton/,0,26,0%,73.54
https://staticswift.co.uk/joiner-website-design-kettering/,0,26,0%,76.04
https://staticswift.co.uk/dentist-website-design-walthamstow/,0,26,0%,80.73
https://staticswift.co.uk/retail-website-design-malvern/,0,26,0%,80.85
https://staticswift.co.uk/scaffolder-website-design-croydon/,0,26,0%,88.42
https://staticswift.co.uk/web-designer-website-design-greenock/,0,25,0%,13.44
https://staticswift.co.uk/web-designer-website-design-rushden/,0,25,0%,27.88
https://staticswift.co.uk/web-designer-website-design-sutton-in-ashfield/,0,25,0%,29.92
https://staticswift.co.uk/scaffolder-website-design-rugby/,0,25,0%,32.8
https://staticswift.co.uk/optician-website-design-stourbridge/,0,25,0%,44.56
https://staticswift.co.uk/scaffolder-website-design-kidderminster/,0,25,0%,46.2
https://staticswift.co.uk/carpet-cleaner-website-design-clitheroe/,0,25,0%,48.52
https://staticswift.co.uk/skip-hire-website-design-east-kilbride/,0,25,0%,52.04
https://staticswift.co.uk/carpet-cleaner-website-design-tewkesbury/,0,25,0%,53.4
https://staticswift.co.uk/website-design-hounslow/,0,25,0%,55.44
https://staticswift.co.uk/removals-website-design-covent-garden/,0,25,0%,57.6
https://staticswift.co.uk/removals-website-design-wells/,0,25,0%,64.84
https://staticswift.co.uk/web-designer-website-design-inverness/,0,25,0%,65.4
https://staticswift.co.uk/scaffolder-website-design-luton/,0,25,0%,66.48
https://staticswift.co.uk/carpet-cleaner-website-design-aberdeen/,0,25,0%,68.2
https://staticswift.co.uk/web-designer-website-design-lancaster/,0,25,0%,68.28
https://staticswift.co.uk/removals-website-design-east-kilbride/,0,25,0%,70.8
https://staticswift.co.uk/builder-website-design-grantham/,0,25,0%,72.2
https://staticswift.co.uk/scaffolder-website-design-colchester/,0,25,0%,74.68
https://staticswift.co.uk/carpet-cleaner-website-design-streatham/,0,25,0%,75.4
https://staticswift.co.uk/website-design-halifax/,0,25,0%,75.4
https://staticswift.co.uk/pub-website-design-perth/,0,25,0%,75.76
https://staticswift.co.uk/retail-website-design-stamford/,0,25,0%,76.76
https://staticswift.co.uk/retail-website-design-newbury/,0,25,0%,81.04
https://staticswift.co.uk/retail-website-design-bury-st-edmunds/,0,25,0%,81.56
https://staticswift.co.uk/locksmith-website-design-fulham/,0,25,0%,82.36
https://staticswift.co.uk/retail-website-design-huntingdon/,0,25,0%,84.48
https://staticswift.co.uk/web-designer-website-design-sandbach/,0,24,0%,27.25
https://staticswift.co.uk/web-designer-website-design-newhaven/,0,24,0%,30.62
https://staticswift.co.uk/tutor-website-design-bethnal-green/,0,24,0%,32.88
https://staticswift.co.uk/optician-website-design-malvern/,0,24,0%,33.33
https://staticswift.co.uk/scaffolder-website-design-louth/,0,24,0%,34.29
https://staticswift.co.uk/painter-decorator-website-design-skipton/,0,24,0%,35.79
https://staticswift.co.uk/web-designer-website-design-deal/,0,24,0%,40.5
https://staticswift.co.uk/photographer-website-design-didcot/,0,24,0%,40.62
https://staticswift.co.uk/optician-website-design-tamworth/,0,24,0%,40.67
https://staticswift.co.uk/painter-decorator-website-design-truro/,0,24,0%,41.12
https://staticswift.co.uk/painter-decorator-website-design-letchworth/,0,24,0%,44.25
https://staticswift.co.uk/web-designer-website-design-hinckley/,0,24,0%,49.29
https://staticswift.co.uk/website-design-cwmbran/,0,24,0%,52.21
https://staticswift.co.uk/web-designer-website-design-sudbury/,0,24,0%,52.46
https://staticswift.co.uk/painter-decorator-website-design-telford/,0,24,0%,56.08
https://staticswift.co.uk/restaurant-website-design-soho/,0,24,0%,57.08
https://staticswift.co.uk/scaffolder-website-design-eastbourne/,0,24,0%,57.46
https://staticswift.co.uk/website-design-droitwich/,0,24,0%,58.58
https://staticswift.co.uk/retail-website-design-fulham/,0,24,0%,58.83
https://staticswift.co.uk/scaffolder-website-design-solihull/,0,24,0%,59.96
https://staticswift.co.uk/carpet-cleaner-website-design-canterbury/,0,24,0%,63.88
https://staticswift.co.uk/builder-website-design-uttoxeter/,0,24,0%,64.21
https://staticswift.co.uk/retail-website-design-chippenham/,0,24,0%,64.42
https://staticswift.co.uk/website-design-harlow/,0,24,0%,65.08
https://staticswift.co.uk/pub-website-design-wandsworth/,0,24,0%,69.5
https://staticswift.co.uk/web-designer-website-design-barnstaple/,0,24,0%,70.38
https://staticswift.co.uk/web-designer-website-design-ealing/,0,24,0%,71.46
https://staticswift.co.uk/carpet-cleaner-website-design-hemel-hempstead/,0,24,0%,74.29
https://staticswift.co.uk/website-design-mansfield,0,24,0%,74.58
https://staticswift.co.uk/builder-website-design-scunthorpe,0,24,0%,78.92
https://staticswift.co.uk/builder-website-design-aylesbury/,0,24,0%,82.92
https://staticswift.co.uk/window-cleaner-website-design-bournemouth/,0,24,0%,87.29
https://staticswift.co.uk/restaurant-website-design-covent-garden/,0,24,0%,88.88
https://staticswift.co.uk/web-designer-website-design-chelmsford/,0,24,0%,93
https://staticswift.co.uk/web-designer-website-design-great-yarmouth/,0,23,0%,32.48
https://staticswift.co.uk/web-designer-website-design-saffron-walden/,0,23,0%,34.7
https://staticswift.co.uk/caterer-website-design-chelsea/,0,23,0%,43.35
https://staticswift.co.uk/caterer-website-design-lewisham/,0,23,0%,45.13
https://staticswift.co.uk/scaffolder-website-design-tring/,0,23,0%,45.22
https://staticswift.co.uk/website-design-ross-on-wye/,0,23,0%,46.57
https://staticswift.co.uk/web-designer-website-design-bognor-regis/,0,23,0%,48.26
https://staticswift.co.uk/removals-website-design-kendal/,0,23,0%,51.7
https://staticswift.co.uk/window-cleaner-website-design-gateshead/,0,23,0%,53.83
https://staticswift.co.uk/web-designer-website-design-newbury/,0,23,0%,65.22
https://staticswift.co.uk/painter-decorator-website-design-ipswich/,0,23,0%,65.65
https://staticswift.co.uk/accountant-website-design-llanelli/,0,23,0%,67.17
https://staticswift.co.uk/locksmith-website-design-covent-garden/,0,23,0%,67.22
https://staticswift.co.uk/tattoo-studio-website-design-finchley/,0,23,0%,69.78
https://staticswift.co.uk/locksmith-website-design-shoreditch/,0,23,0%,71.17
https://staticswift.co.uk/roofer-website-design-lichfield/,0,23,0%,72.74
https://staticswift.co.uk/website-design-clacton-on-sea/,0,23,0%,75.96
https://staticswift.co.uk/solicitor-website-design-chippenham/,0,23,0%,77.04
https://staticswift.co.uk/website-design-rochdale/,0,23,0%,78.39
https://staticswift.co.uk/dentist-website-design-london/,0,23,0%,80.17
https://staticswift.co.uk/scaffolder-website-design-birmingham/,0,23,0%,80.48
https://staticswift.co.uk/web-designer-website-design-canterbury/,0,23,0%,81.13
https://staticswift.co.uk/website-design-gloucester/,0,23,0%,85.87
https://staticswift.co.uk/website-design-harrogate/,0,23,0%,96.61
https://staticswift.co.uk/personal-trainer-website-design-lewisham/,0,22,0%,6.14
https://staticswift.co.uk/window-cleaner-website-design-corby/,0,22,0%,28.05
https://staticswift.co.uk/painter-decorator-website-design-todmorden/,0,22,0%,31.77
https://staticswift.co.uk/restaurant-website-design-colchester/,0,22,0%,33.18
https://staticswift.co.uk/web-designer-website-design-aberystwyth/,0,22,0%,34.82
https://staticswift.co.uk/florist-website-design-gillingham/,0,22,0%,38.09
https://staticswift.co.uk/website-design-fleet/,0,22,0%,40.09
https://staticswift.co.uk/pest-control-website-design-daventry/,0,22,0%,40.27
https://staticswift.co.uk/web-designer-website-design-harrow/,0,22,0%,44.86
https://staticswift.co.uk/skip-hire-website-design-cwmbran/,0,22,0%,50.64
https://staticswift.co.uk/web-designer-website-design-barnet/,0,22,0%,50.91
https://staticswift.co.uk/scaffolder-website-design-ashford/,0,22,0%,52.5
https://staticswift.co.uk/painter-decorator-website-design-soho/,0,22,0%,52.64
https://staticswift.co.uk/carpet-cleaner-website-design-harrogate/,0,22,0%,53.91
https://staticswift.co.uk/retail-website-design-tamworth/,0,22,0%,55.95
https://staticswift.co.uk/website-design-saffron-walden/,0,22,0%,56.14
https://staticswift.co.uk/painter-decorator-website-design-chippenham/,0,22,0%,56.32
https://staticswift.co.uk/web-designer-website-design-didcot/,0,22,0%,58.95
https://staticswift.co.uk/retail-website-design-hinckley/,0,22,0%,59.77
https://staticswift.co.uk/personal-trainer-website-design-hitchin/,0,22,0%,61.68
https://staticswift.co.uk/window-cleaner-website-design-sleaford/,0,22,0%,63.27
https://staticswift.co.uk/website-design-leicester/,0,22,0%,68.68
https://staticswift.co.uk/skip-hire-website-design-barry/,0,22,0%,69.91
https://staticswift.co.uk/removals-website-design-stratford-upon-avon/,0,22,0%,70.59
https://staticswift.co.uk/roofer-website-design-congleton/,0,22,0%,70.86
https://staticswift.co.uk/roofer-website-design-putney/,0,22,0%,72.18
https://staticswift.co.uk/retail-website-design-falkirk/,0,22,0%,72.32
https://staticswift.co.uk/retail-website-design-trowbridge/,0,22,0%,77.59
https://staticswift.co.uk/retail-website-design-romford/,0,22,0%,78
https://staticswift.co.uk/website-design-brighton,0,22,0%,79.05
https://staticswift.co.uk/removals-website-design-stevenage/,0,22,0%,80.36
https://staticswift.co.uk/web-designer-website-design-croydon/,0,22,0%,81.55
https://staticswift.co.uk/retail-website-design-salisbury/,0,22,0%,84.27
https://staticswift.co.uk/retail-website-design-watford/,0,22,0%,84.55
https://staticswift.co.uk/gardener-website-design/,0,22,0%,86.82
https://staticswift.co.uk/web-designer-website-design-dumbarton/,0,21,0%,17.71
https://staticswift.co.uk/cake-maker-website-design-mansfield/,0,21,0%,23.67
https://staticswift.co.uk/web-designer-website-design-wantage/,0,21,0%,25.14
https://staticswift.co.uk/web-designer-website-design-worksop/,0,21,0%,26.05
https://staticswift.co.uk/locksmith-website-design-leek/,0,21,0%,27.38
https://staticswift.co.uk/florist-website-design-haywards-heath/,0,21,0%,30.38
https://staticswift.co.uk/website-design-runcorn/,0,21,0%,34.14
https://staticswift.co.uk/builder-website-design-worksop/,0,21,0%,34.81
https://staticswift.co.uk/caterer-website-design-basildon/,0,21,0%,36.24
https://staticswift.co.uk/pest-control-website-design-oswestry/,0,21,0%,41.05
https://staticswift.co.uk/web-designer-website-design-market-harborough/,0,21,0%,41.9
https://staticswift.co.uk/removals-website-design-hamilton/,0,21,0%,42.76
https://staticswift.co.uk/scaffolder-website-design-halifax/,0,21,0%,44.1
https://staticswift.co.uk/solicitor-website-design-royston/,0,21,0%,45.48
https://staticswift.co.uk/web-designer-website-design-gosport/,0,21,0%,45.52
https://staticswift.co.uk/web-designer-website-design-woodbridge/,0,21,0%,47.19
https://staticswift.co.uk/scaffolder-website-design-stroud/,0,21,0%,47.71
https://staticswift.co.uk/gardener-website-design-sedgley/,0,21,0%,49.52
https://staticswift.co.uk/painter-decorator-website-design-hereford/,0,21,0%,51.86
https://staticswift.co.uk/web-designer-website-design-bridgend/,0,21,0%,56.05
https://staticswift.co.uk/window-cleaner-website-design-sutton-coldfield/,0,21,0%,63.57
https://staticswift.co.uk/retail-website-design-wokingham/,0,21,0%,64.52
https://staticswift.co.uk/website-design-bognor-regis/,0,21,0%,67.86
https://staticswift.co.uk/window-cleaner-website-design-chiswick/,0,21,0%,69.33
https://staticswift.co.uk/pub-website-design-birmingham/,0,21,0%,71.57
https://staticswift.co.uk/removals-website-design-hitchin/,0,21,0%,74
https://staticswift.co.uk/carpet-cleaner-website-design-epsom/,0,21,0%,75
https://staticswift.co.uk/electrician-website-design-uttoxeter/,0,21,0%,75.57
https://staticswift.co.uk/pub-website-design-lewisham/,0,21,0%,77.95
https://staticswift.co.uk/website-design-newport/,0,21,0%,81.57
https://staticswift.co.uk/website-design-truro/,0,21,0%,84.1
https://staticswift.co.uk/website-design-st-albans/,0,21,0%,84.76
https://staticswift.co.uk/builder-website-design-leamington-spa/,0,21,0%,85.1
https://staticswift.co.uk/builder-website-design-malvern/,0,21,0%,86.9
https://staticswift.co.uk/retail-website-design-ealing/,0,21,0%,86.9
https://staticswift.co.uk/window-cleaner-website-design-balham/,0,20,0%,27.35
https://staticswift.co.uk/cake-maker-website-design-torquay/,0,20,0%,28.8
https://staticswift.co.uk/food-truck-website-design-oxford/,0,20,0%,31.95
https://staticswift.co.uk/removals-website-design-bishop-auckland/,0,20,0%,34.35
https://staticswift.co.uk/optician-website-design-winsford/,0,20,0%,34.5
https://staticswift.co.uk/florist-website-design-folkestone/,0,20,0%,34.55
https://staticswift.co.uk/website-design-sandbach/,0,20,0%,38.4
https://staticswift.co.uk/caterer-website-design-horsham/,0,20,0%,40.2
https://staticswift.co.uk/window-cleaner-website-design-hackney/,0,20,0%,41.9
https://staticswift.co.uk/accountant-website-design-folkestone/,0,20,0%,45.1
https://staticswift.co.uk/music-teacher-website-design-shoreditch/,0,20,0%,47
https://staticswift.co.uk/painter-decorator-website-design-altrincham/,0,20,0%,49.75
https://staticswift.co.uk/caterer-website-design-colchester/,0,20,0%,55.35
https://staticswift.co.uk/optician-website-design-thetford/,0,20,0%,55.35
https://staticswift.co.uk/retail-website-design-bicester/,0,20,0%,56.1
https://staticswift.co.uk/painter-decorator-website-design-barnsley/,0,20,0%,56.9
https://staticswift.co.uk/painter-decorator-website-design-yeovil/,0,20,0%,59.95
https://staticswift.co.uk/window-cleaner-website-design-carlisle/,0,20,0%,60.8
https://staticswift.co.uk/scaffolder-website-design-tonbridge/,0,20,0%,63.45
https://staticswift.co.uk/tattoo-studio-website-design-lewisham/,0,20,0%,65.4
https://staticswift.co.uk/scaffolder-website-design-hemel-hempstead/,0,20,0%,65.55
https://staticswift.co.uk/plasterer-website-design-horsham/,0,20,0%,66.85
https://staticswift.co.uk/carpet-cleaner-website-design-poole/,0,20,0%,72.8
https://staticswift.co.uk/pub-website-design-chelsea/,0,20,0%,72.85
https://staticswift.co.uk/web-designer-website-design-burton-upon-trent/,0,20,0%,74.75
https://staticswift.co.uk/pub-website-design-greenwich/,0,20,0%,80.45
https://staticswift.co.uk/skip-hire-website-design-wimbledon/,0,20,0%,81.9
https://staticswift.co.uk/carpet-cleaner-website-design-haddington/,0,20,0%,82.05
https://staticswift.co.uk/website-design-lichfield/,0,20,0%,84.3
https://staticswift.co.uk/web-designer-website-design-woolwich/,0,20,0%,84.65
https://staticswift.co.uk/photographer-website-design-bracknell/,0,20,0%,88.6
https://staticswift.co.uk/solicitor-website-design-malvern/,0,20,0%,88.6
https://staticswift.co.uk/personal-trainer-website-design-trowbridge/,0,19,0%,4
https://staticswift.co.uk/personal-trainer-website-design-blyth/,0,19,0%,5.05
https://staticswift.co.uk/music-teacher-website-design-irvine/,0,19,0%,12.58
https://staticswift.co.uk/food-truck-website-design-aldershot/,0,19,0%,23.58
https://staticswift.co.uk/carpet-cleaner-website-design-halesowen/,0,19,0%,25.53
https://staticswift.co.uk/optician-website-design-putney/,0,19,0%,27.32
https://staticswift.co.uk/website-design-penrith/,0,19,0%,30.11
https://staticswift.co.uk/plumber-website-design-portsmouth/,0,19,0%,30.32
https://staticswift.co.uk/pest-control-website-design-brixton/,0,19,0%,33.53
https://staticswift.co.uk/scaffolder-website-design-hayes/,0,19,0%,38.68
https://staticswift.co.uk/plasterer-website-design-kilmarnock/,0,19,0%,39.58
https://staticswift.co.uk/website-design-notting-hill/,0,19,0%,40.74
https://staticswift.co.uk/web-designer-website-design-ely/,0,19,0%,42
https://staticswift.co.uk/carpet-cleaner-website-design-banbury/,0,19,0%,43.58
https://staticswift.co.uk/web-designer-website-design-bangor/,0,19,0%,43.74
https://staticswift.co.uk/builder-website-design-wantage/,0,19,0%,43.84
https://staticswift.co.uk/web-designer-website-design-kingston/,0,19,0%,44.05
https://staticswift.co.uk/website-design-aberystwyth/,0,19,0%,44.84
https://staticswift.co.uk/website-design-hinckley/,0,19,0%,45.47
https://staticswift.co.uk/locksmith-website-design-swadlincote/,0,19,0%,45.89
https://staticswift.co.uk/roofer-website-design-warwick/,0,19,0%,48.37
https://staticswift.co.uk/pest-control-website-design-sudbury/,0,19,0%,48.84
https://staticswift.co.uk/locksmith-website-design-exmouth/,0,19,0%,49.16
https://staticswift.co.uk/cake-maker-website-design-leeds/,0,19,0%,49.42
https://staticswift.co.uk/accountant-website-design-hitchin/,0,19,0%,50.05
https://staticswift.co.uk/carpet-cleaner-website-design-dudley/,0,19,0%,50.11
https://staticswift.co.uk/carpet-cleaner-website-design-newbury/,0,19,0%,51.89
https://staticswift.co.uk/roofer-website-design-covent-garden/,0,19,0%,52.74
https://staticswift.co.uk/retail-website-design-stourbridge/,0,19,0%,53.58
https://staticswift.co.uk/website-design-great-yarmouth/,0,19,0%,53.58
https://staticswift.co.uk/scaffolder-website-design-barrow-in-furness/,0,19,0%,53.84
https://staticswift.co.uk/scaffolder-website-design-torbay/,0,19,0%,57.89
https://staticswift.co.uk/dry-cleaner-website-design-chiswick/,0,19,0%,58
https://staticswift.co.uk/painter-decorator-website-design-haywards-heath/,0,19,0%,58.16
https://staticswift.co.uk/skip-hire-website-design-fareham/,0,19,0%,58.42
https://staticswift.co.uk/tiler-website-design-portsmouth/,0,19,0%,58.68
https://staticswift.co.uk/painter-decorator-website-design-canterbury/,0,19,0%,60.79
https://staticswift.co.uk/retail-website-design-hitchin/,0,19,0%,65.84
https://staticswift.co.uk/pest-control-website-design-walthamstow/,0,19,0%,67.37
https://staticswift.co.uk/window-cleaner-website-design-woking/,0,19,0%,67.42
https://staticswift.co.uk/painter-decorator-website-design-droitwich/,0,19,0%,68.32
https://staticswift.co.uk/solicitor-website-design-chippenham,0,19,0%,69.74
https://staticswift.co.uk/optician-website-design-streatham/,0,19,0%,70.16
https://staticswift.co.uk/carpet-cleaner-website-design-chiswick/,0,19,0%,72.58
https://staticswift.co.uk/website-design-wakefield/,0,19,0%,72.79
https://staticswift.co.uk/builder-website-design-woking/,0,19,0%,73.63
https://staticswift.co.uk/solicitor-website-design-leamington-spa/,0,19,0%,74.11
https://staticswift.co.uk/web-designer-website-design-eltham/,0,19,0%,76.84
https://staticswift.co.uk/restaurant-website-design-wellingborough/,0,19,0%,77.11
https://staticswift.co.uk/website-design-solihull/,0,19,0%,77.68
https://staticswift.co.uk/solicitor-website-design-bracknell/,0,19,0%,81.74
https://staticswift.co.uk/solicitor-website-design-hemel-hempstead,0,19,0%,82.05
https://staticswift.co.uk/retail-website-design-altrincham/,0,19,0%,88.68
https://staticswift.co.uk/example,0,18,0%,12.78
https://staticswift.co.uk/food-truck-website-design-battersea/,0,18,0%,16.89
https://staticswift.co.uk/plasterer-website-design-stroud/,0,18,0%,24.94
https://staticswift.co.uk/caterer-website-design-aldershot/,0,18,0%,25.06
https://staticswift.co.uk/removals-website-design-retford/,0,18,0%,28.72
https://staticswift.co.uk/removals-website-design-penrith/,0,18,0%,32.22
https://staticswift.co.uk/removals-website-design-airdrie/,0,18,0%,33.22
https://staticswift.co.uk/florist-website-design-sudbury/,0,18,0%,33.83
https://staticswift.co.uk/retail-website-design-congleton/,0,18,0%,35.39
https://staticswift.co.uk/florist-website-design-weymouth/,0,18,0%,36.33
https://staticswift.co.uk/web-designer-website-design-clydebank/,0,18,0%,37.44
https://staticswift.co.uk/website-design-pontefract/,0,18,0%,37.94
https://staticswift.co.uk/optician-website-design-hampstead/,0,18,0%,38.72
https://staticswift.co.uk/scaffolder-website-design-loughborough/,0,18,0%,40.5
https://staticswift.co.uk/window-cleaner-website-design-market-harborough/,0,18,0%,41.17
https://staticswift.co.uk/pest-control-website-design-whitby/,0,18,0%,42.22
https://staticswift.co.uk/carpet-cleaner-website-design-didcot/,0,18,0%,42.56
https://staticswift.co.uk/restaurant-website-design-chelsea/,0,18,0%,43.39
https://staticswift.co.uk/florist-website-design-altrincham/,0,18,0%,43.44
https://staticswift.co.uk/removals-website-design-neath/,0,18,0%,43.5
https://staticswift.co.uk/restaurant-website-design-dumbarton/,0,18,0%,44.67
https://staticswift.co.uk/scaffolder-website-design-rochdale/,0,18,0%,44.72
https://staticswift.co.uk/builder-website-design-oswestry/,0,18,0%,45.11
https://staticswift.co.uk/website-design-hammersmith/,0,18,0%,45.17
https://staticswift.co.uk/pest-control-website-design-welshpool/,0,18,0%,46.28
https://staticswift.co.uk/skip-hire-website-design-clitheroe/,0,18,0%,46.67
https://staticswift.co.uk/mechanic-website-design-london/,0,18,0%,48.72
https://staticswift.co.uk/website-design-uttoxeter/,0,18,0%,49.22
https://staticswift.co.uk/website-design-newark/,0,18,0%,52.61
https://staticswift.co.uk/caterer-website-design-guildford/,0,18,0%,53.72
https://staticswift.co.uk/skip-hire-website-design-glastonbury/,0,18,0%,53.89
https://staticswift.co.uk/skip-hire-website-design-lewisham/,0,18,0%,55.83
https://staticswift.co.uk/photographer-website-design-hemel-hempstead/,0,18,0%,56.17
https://staticswift.co.uk/window-cleaner-website-design-swansea/,0,18,0%,56.28
https://staticswift.co.uk/scaffolder-website-design-wellingborough/,0,18,0%,56.83
https://staticswift.co.uk/skip-hire-website-design-halesowen/,0,18,0%,58.94
https://staticswift.co.uk/website-design-port-talbot/,0,18,0%,63
https://staticswift.co.uk/plasterer-website-design-amersham/,0,18,0%,65.61
https://staticswift.co.uk/retail-website-design-rugeley/,0,18,0%,65.67
https://staticswift.co.uk/gardener-website-design-redditch/,0,18,0%,66.28
https://staticswift.co.uk/mechanic-website-design-uttoxeter/,0,18,0%,66.39
https://staticswift.co.uk/painter-decorator-website-design-colchester/,0,18,0%,66.39
https://staticswift.co.uk/window-cleaner-website-design-islington/,0,18,0%,69.17
https://staticswift.co.uk/retail-website-design-kettering/,0,18,0%,73
https://staticswift.co.uk/painter-decorator-website-design-swindon/,0,18,0%,74.89
https://staticswift.co.uk/restaurant-website-design-hitchin/,0,18,0%,79.44
https://staticswift.co.uk/retail-website-design-hemel-hempstead/,0,18,0%,81.22
https://staticswift.co.uk/solicitor-website-design-grantham/,0,18,0%,81.83
https://staticswift.co.uk/retail-website-design-ashford/,0,18,0%,82
https://staticswift.co.uk/website-design-milton-keynes/,0,18,0%,84.39
https://staticswift.co.uk/website-design-blackpool/,0,18,0%,91.5
https://staticswift.co.uk/website-design-chichester/,0,18,0%,92.44
https://staticswift.co.uk/web-designer-website-design-littlehampton/,0,17,0%,16.24
https://staticswift.co.uk/website-design-dumbarton/,0,17,0%,26.29
https://staticswift.co.uk/scaffolder-website-design-penrith/,0,17,0%,30.35
https://staticswift.co.uk/caterer-website-design-gillingham/,0,17,0%,31.24
https://staticswift.co.uk/florist-website-design-redditch/,0,17,0%,36.29
https://staticswift.co.uk/painter-decorator-website-design-colwyn-bay/,0,17,0%,38.41
https://staticswift.co.uk/builder-website-design-widnes/,0,17,0%,40.76
https://staticswift.co.uk/accountant-website-design-evesham/,0,17,0%,41
https://staticswift.co.uk/carpet-cleaner-website-design-motherwell/,0,17,0%,41.35
https://staticswift.co.uk/painter-decorator-website-design-hastings/,0,17,0%,42
https://staticswift.co.uk/solicitor-website-design-clydebank/,0,17,0%,42.12
https://staticswift.co.uk/carpet-cleaner-website-design-amersham/,0,17,0%,42.29
https://staticswift.co.uk/retail-website-design-melton-mowbray/,0,17,0%,42.41
https://staticswift.co.uk/website-design-wandsworth/,0,17,0%,42.41
https://staticswift.co.uk/personal-trainer-website-design-ely/,0,17,0%,43.06
https://staticswift.co.uk/optician-website-design-winchester/,0,17,0%,44.35
https://staticswift.co.uk/website-design-godalming/,0,17,0%,46.71
https://staticswift.co.uk/dj-website-design-dumbarton/,0,17,0%,46.82
https://staticswift.co.uk/web-designer-website-design-cleethorpes/,0,17,0%,47.59
https://staticswift.co.uk/restaurant-website-design-spalding/,0,17,0%,48
https://staticswift.co.uk/carpet-cleaner-website-design-winchester/,0,17,0%,49.59
https://staticswift.co.uk/web-designer-website-design-falmouth/,0,17,0%,50.18
https://staticswift.co.uk/optician-website-design-sutton-coldfield/,0,17,0%,50.24
https://staticswift.co.uk/scaffolder-website-design-scunthorpe/,0,17,0%,50.94
https://staticswift.co.uk/builder-website-design-spalding/,0,17,0%,52
https://staticswift.co.uk/web-designer-website-design-crewe/,0,17,0%,52.47
https://staticswift.co.uk/optician-website-design-felixstowe/,0,17,0%,53.53
https://staticswift.co.uk/pest-control-website-design-bridgend/,0,17,0%,54.82
https://staticswift.co.uk/web-designer-website-design-wellingborough/,0,17,0%,55.76
https://staticswift.co.uk/website-design-cumbernauld/,0,17,0%,56.35
https://staticswift.co.uk/retail-website-design-long-eaton/,0,17,0%,56.47
https://staticswift.co.uk/carpet-cleaner-website-design-sutton-coldfield/,0,17,0%,57.59
https://staticswift.co.uk/joiner-website-design-thirsk/,0,17,0%,58.53
https://staticswift.co.uk/personal-trainer-website-design-barnet/,0,17,0%,59.71
https://staticswift.co.uk/personal-trainer-website-design-chelsea/,0,17,0%,62.18
https://staticswift.co.uk/website-design-stourbridge/,0,17,0%,62.41
https://staticswift.co.uk/scaffolder-website-design-tunbridge-wells/,0,17,0%,62.53
https://staticswift.co.uk/skip-hire-website-design-runcorn/,0,17,0%,63.82
https://staticswift.co.uk/window-cleaner-website-design-finchley/,0,17,0%,65.41
https://staticswift.co.uk/carpet-cleaner-website-design-catford/,0,17,0%,65.47
https://staticswift.co.uk/web-designer-website-design-perth/,0,17,0%,66.12
https://staticswift.co.uk/retail-website-design-woodbridge/,0,17,0%,66.53
https://staticswift.co.uk/retail-website-design-derry/,0,17,0%,66.88
https://staticswift.co.uk/window-cleaner-website-design-exeter/,0,17,0%,68.29
https://staticswift.co.uk/retail-website-design-grantham/,0,17,0%,70.47
https://staticswift.co.uk/retail-website-design-torbay/,0,17,0%,70.94
https://staticswift.co.uk/window-cleaner-website-design-bolton/,0,17,0%,72.88
https://staticswift.co.uk/website-design-woking/,0,17,0%,73.06
https://staticswift.co.uk/painter-decorator-website-design-notting-hill/,0,17,0%,73.12
https://staticswift.co.uk/restaurant-website-design-stroud/,0,17,0%,73.24
https://staticswift.co.uk/window-cleaner-website-design-doncaster/,0,17,0%,73.35
https://staticswift.co.uk/website-design-wells/,0,17,0%,74.82
https://staticswift.co.uk/retail-website-design-burnley,0,17,0%,75.76
https://staticswift.co.uk/gardener-website-design-fleet/,0,17,0%,76.35
https://staticswift.co.uk/restaurant-website-design-altrincham/,0,17,0%,78.47
https://staticswift.co.uk/locksmith-website-design-balham/,0,17,0%,81.53
https://staticswift.co.uk/beauty-salon-website-design-uttoxeter/,0,17,0%,83.59
https://staticswift.co.uk/website-design-richmond/,0,17,0%,83.59
https://staticswift.co.uk/restaurant-website-design-wembley/,0,17,0%,84.35
https://staticswift.co.uk/caterer-website-design-uttoxeter/,0,17,0%,85.59
https://staticswift.co.uk/locksmith-website-design-fareham/,0,17,0%,85.94
https://staticswift.co.uk/website-design-luton/,0,17,0%,86.06
https://staticswift.co.uk/builder-website-design-chesterfield/,0,17,0%,88.24
https://staticswift.co.uk/website-design-torquay/,0,17,0%,89.47
https://staticswift.co.uk/personal-trainer-website-design-cwmbran/,0,17,0%,90.35
https://staticswift.co.uk/cake-maker-website-design-aldershot/,0,16,0%,18.94
https://staticswift.co.uk/web-designer-website-design-skegness/,0,16,0%,23.06
https://staticswift.co.uk/painter-decorator-website-design-widnes/,0,16,0%,23.62
https://staticswift.co.uk/florist-website-design-galashiels/,0,16,0%,24.12
https://staticswift.co.uk/personal-trainer-website-design-clacton-on-sea/,0,16,0%,24.88
https://staticswift.co.uk/retail-website-design-littlehampton/,0,16,0%,25.69
https://staticswift.co.uk/web-designer-website-design-newark/,0,16,0%,26.44
https://staticswift.co.uk/tiler-website-design-south-shields/,0,16,0%,27.5
https://staticswift.co.uk/web-designer-website-design-felixstowe/,0,16,0%,29.69
https://staticswift.co.uk/scaffolder-website-design-skegness/,0,16,0%,29.94
https://staticswift.co.uk/scaffolder-website-design-gainsborough/,0,16,0%,30.62
https://staticswift.co.uk/tutor-website-design-lewisham/,0,16,0%,31.69
https://staticswift.co.uk/window-cleaner-website-design-amersham/,0,16,0%,34.5
https://staticswift.co.uk/web-designer-website-design-grantham/,0,16,0%,34.94
https://staticswift.co.uk/caterer-website-design-burnley/,0,16,0%,35.88
https://staticswift.co.uk/personal-trainer-website-design-willenhall/,0,16,0%,36.06
https://staticswift.co.uk/scaffolder-website-design-clapham/,0,16,0%,36.19
https://staticswift.co.uk/web-designer-website-design-wells/,0,16,0%,36.5
https://staticswift.co.uk/web-designer-website-design-yeovil/,0,16,0%,37.44
https://staticswift.co.uk/locksmith-website-design-gainsborough/,0,16,0%,39.5
https://staticswift.co.uk/caterer-website-design-battersea/,0,16,0%,40.88
https://staticswift.co.uk/roofer-website-design-sedgley/,0,16,0%,41.44
https://staticswift.co.uk/pest-control-website-design-chiswick/,0,16,0%,43.44
https://staticswift.co.uk/tattoo-studio-website-design-middlesbrough/,0,16,0%,43.94
https://staticswift.co.uk/removals-website-design-hexham/,0,16,0%,44.38
https://staticswift.co.uk/painter-decorator-website-design-marylebone/,0,16,0%,44.81
https://staticswift.co.uk/retail-website-design-beverley/,0,16,0%,44.88
https://staticswift.co.uk/removals-website-design-chippenham/,0,16,0%,45.25
https://staticswift.co.uk/web-designer-website-design-matlock/,0,16,0%,45.25
https://staticswift.co.uk/painter-decorator-website-design-gateshead/,0,16,0%,46.06
https://staticswift.co.uk/window-cleaner-website-design-haywards-heath/,0,16,0%,46.19
https://staticswift.co.uk/website-design-east-kilbride,0,16,0%,46.25
https://staticswift.co.uk/window-cleaner-website-design-tamworth/,0,16,0%,47.25
https://staticswift.co.uk/web-designer-website-design-gateshead/,0,16,0%,47.5
https://staticswift.co.uk/painter-decorator-website-design-redditch/,0,16,0%,48.56
https://staticswift.co.uk/painter-decorator-website-design-kidderminster/,0,16,0%,48.69
https://staticswift.co.uk/roofer-website-design-leek/,0,16,0%,49.44
https://staticswift.co.uk/solicitor-website-design-aldershot/,0,16,0%,50.06
https://staticswift.co.uk/gardener-website-design-gosport/,0,16,0%,50.69
https://staticswift.co.uk/website-design-chippenham/,0,16,0%,52.25
https://staticswift.co.uk/accountant-website-design-fareham/,0,16,0%,52.5
https://staticswift.co.uk/painter-decorator-website-design-llandudno/,0,16,0%,52.75
https://staticswift.co.uk/website-design-woodbridge/,0,16,0%,52.75
https://staticswift.co.uk/skip-hire-website-design-ellesmere-port/,0,16,0%,53.38
https://staticswift.co.uk/removals-website-design-torquay/,0,16,0%,53.88
https://staticswift.co.uk/painter-decorator-website-design-rotherham/,0,16,0%,54.12
https://staticswift.co.uk/locksmith-website-design-kirkcaldy/,0,16,0%,56.38
https://staticswift.co.uk/builder-website-design-pontypridd/,0,16,0%,56.81
https://staticswift.co.uk/removals-website-design-royston/,0,16,0%,58.69
https://staticswift.co.uk/cake-maker-website-design-poole/,0,16,0%,58.81
https://staticswift.co.uk/personal-trainer-website-design-sutton-coldfield/,0,16,0%,59.62
https://staticswift.co.uk/locksmith-website-design-littlehampton/,0,16,0%,61.75
https://staticswift.co.uk/pest-control-website-design-beverley/,0,16,0%,61.75
https://staticswift.co.uk/restaurant-website-design-yeovil/,0,16,0%,63.62
https://staticswift.co.uk/locksmith-website-design-gillingham/,0,16,0%,65
https://staticswift.co.uk/pest-control-website-design-clacton-on-sea/,0,16,0%,65.75
https://staticswift.co.uk/plasterer-website-design-kettering/,0,16,0%,68.5
https://staticswift.co.uk/retail-website-design-gosport/,0,16,0%,70
https://staticswift.co.uk/pest-control-website-design-ashford/,0,16,0%,70.5
https://staticswift.co.uk/builder-website-design-deal/,0,16,0%,71.06
https://staticswift.co.uk/website-design-stamford/,0,16,0%,76
https://staticswift.co.uk/removals-website-design-horsham/,0,16,0%,77.31
https://staticswift.co.uk/restaurant-website-design-chesterfield/,0,16,0%,77.94
https://staticswift.co.uk/restaurant-website-design-stamford/,0,16,0%,78.06
https://staticswift.co.uk/website-design-stevenage/,0,16,0%,78.19
https://staticswift.co.uk/window-cleaner-website-design-kensington/,0,16,0%,78.62
https://staticswift.co.uk/website-design-dumfries/,0,16,0%,80.06
https://staticswift.co.uk/scaffolder-website-design-sedgley/,0,16,0%,82.75
https://staticswift.co.uk/joiner-website-design-stamford/,0,16,0%,83.56
https://staticswift.co.uk/solicitor-website-design-droitwich/,0,16,0%,83.75
https://staticswift.co.uk/retail-website-design-tonbridge/,0,16,0%,84.19
https://staticswift.co.uk/website-design-swansea,0,16,0%,86.62
https://staticswift.co.uk/tattoo-studio-website-design-st-helens,0,16,0%,87.69
https://staticswift.co.uk/website-design-croydon/,0,16,0%,93.5
https://staticswift.co.uk/carpet-cleaner-website-design-wallingford/,0,15,0%,20.67
https://staticswift.co.uk/web-designer-website-design-motherwell/,0,15,0%,25
https://staticswift.co.uk/wedding-planner-website-design-telford/,0,15,0%,25.67
https://staticswift.co.uk/cake-maker-website-design-scunthorpe/,0,15,0%,27.2
https://staticswift.co.uk/carpet-cleaner-website-design-burgess-hill/,0,15,0%,27.33
https://staticswift.co.uk/window-cleaner-website-design-gosport/,0,15,0%,28.8
https://staticswift.co.uk/web-designer-website-design-buxton/,0,15,0%,34.13
https://staticswift.co.uk/carpet-cleaner-website-design-corby/,0,15,0%,34.2
https://staticswift.co.uk/optician-website-design-twickenham/,0,15,0%,34.67
https://staticswift.co.uk/scaffolder-website-design-aldershot/,0,15,0%,35.07
https://staticswift.co.uk/optician-website-design-market-harborough/,0,15,0%,36.07
https://staticswift.co.uk/web-designer-website-design-dover/,0,15,0%,38.13
https://staticswift.co.uk/painter-decorator-website-design-andover/,0,15,0%,38.2
https://staticswift.co.uk/web-designer-website-design-knaresborough/,0,15,0%,39.4
https://staticswift.co.uk/website-design-ilkeston/,0,15,0%,39.73
https://staticswift.co.uk/web-designer-website-design-wembley/,0,15,0%,40.47
https://staticswift.co.uk/dog-groomer-website-design-hitchin/,0,15,0%,41.93
https://staticswift.co.uk/carpet-cleaner-website-design-falkirk/,0,15,0%,42.2
https://staticswift.co.uk/retail-website-design-notting-hill/,0,15,0%,42.87
https://staticswift.co.uk/painter-decorator-website-design-harrow/,0,15,0%,44
https://staticswift.co.uk/optician-website-design-greenwich/,0,15,0%,45.87
https://staticswift.co.uk/scaffolder-website-design-hampstead/,0,15,0%,46.07
https://staticswift.co.uk/web-designer-website-design-bexhill/,0,15,0%,46.53
https://staticswift.co.uk/wedding-planner-website-design-edinburgh/,0,15,0%,46.8
https://staticswift.co.uk/web-designer-website-design-chatham/,0,15,0%,47.07
https://staticswift.co.uk/scaffolder-website-design-greenwich/,0,15,0%,47.67
https://staticswift.co.uk/caterer-website-design-watford/,0,15,0%,48.4
https://staticswift.co.uk/builder-website-design-banbury/,0,15,0%,49.8
https://staticswift.co.uk/roofer-website-design-saffron-walden/,0,15,0%,50
https://staticswift.co.uk/painter-decorator-website-design-kettering/,0,15,0%,50.27
https://staticswift.co.uk/scaffolder-website-design-bolton/,0,15,0%,51.87
https://staticswift.co.uk/painter-decorator-website-design-twickenham/,0,15,0%,52.87
https://staticswift.co.uk/window-cleaner-website-design-newbury/,0,15,0%,53.13
https://staticswift.co.uk/pest-control-website-design-burton-upon-trent/,0,15,0%,53.47
https://staticswift.co.uk/web-designer-website-design-penzance/,0,15,0%,53.73
https://staticswift.co.uk/pest-control-website-design-rugby/,0,15,0%,54.67
https://staticswift.co.uk/restaurant-website-design-cumbernauld/,0,15,0%,56.47
https://staticswift.co.uk/pest-control-website-design-hamilton/,0,15,0%,58.13
https://staticswift.co.uk/florist-website-design-worksop/,0,15,0%,58.53
https://staticswift.co.uk/website-design-harrow/,0,15,0%,58.87
https://staticswift.co.uk/web-designer-website-design-rugby/,0,15,0%,59.47
https://staticswift.co.uk/website-design-matlock/,0,15,0%,60.93
https://staticswift.co.uk/plasterer-website-design-walsall/,0,15,0%,61
https://staticswift.co.uk/web-designer-website-design-altrincham/,0,15,0%,64
https://staticswift.co.uk/vet-website-design-uttoxeter/,0,15,0%,64.4
https://staticswift.co.uk/caterer-website-design-bury-st-edmunds/,0,15,0%,65.87
https://staticswift.co.uk/window-cleaner-website-design-stevenage/,0,15,0%,67.07
https://staticswift.co.uk/removals-website-design-huntingdon/,0,15,0%,67.53
https://staticswift.co.uk/retail-website-design-scunthorpe/,0,15,0%,68.6
https://staticswift.co.uk/removals-website-design-slough/,0,15,0%,71.6
https://staticswift.co.uk/web-designer-website-design-torbay/,0,15,0%,71.73
https://staticswift.co.uk/plumber-website-design-manchester/,0,15,0%,74.73
https://staticswift.co.uk/builder-website-design-st-helens/,0,15,0%,75.8
https://staticswift.co.uk/builder-website-design-letchworth/,0,15,0%,75.93
https://staticswift.co.uk/carpet-cleaner-website-design-exeter/,0,15,0%,78
https://staticswift.co.uk/accountant-website-design-hemel-hempstead/,0,15,0%,79
https://staticswift.co.uk/web-designer-website-design-burgess-hill/,0,15,0%,80.53