Top queries,Clicks,Impressions,CTR,Position
web design winsford,1,12,8.33%,28.33
website design milton keynes,0,210,0%,83.27
web design guildford,0,161,0%,85.54
web design darlington,0,146,0%,62.99
pub web design london,0,113,0%,54.49
website development milton keynes,0,103,0%,88.87
web design walsall,0,96,0%,52.39
web design cwmbran,0,94,0%,30.15
web design scunthorpe,0,94,0%,49.73
website design scunthorpe,0,93,0%,49.6
web design bedford,0,87,0%,72.33
web design oldham,0,85,0%,58.05
web design horsham,0,84,0%,64
web design shropshire,0,83,0%,78.1
web design inverness,0,82,0%,73.88
carpet cleaning sydenham,0,79,0%,25.99
web design bromsgrove,0,78,0%,33.72
website design darlington,0,77,0%,58.03
web design warwick,0,77,0%,68.56
web design aberdeen,0,77,0%,85.43
web design bolton,0,77,0%,93.94
web design shrewsbury,0,75,0%,93.41
website design guildford,0,74,0%,86.46
rugeley web design,0,71,0%,27.08
web design rugeley,0,70,0%,25.87
website designers darlington,0,70,0%,58.93
website design bolton,0,70,0%,87.64
web design livingston,0,68,0%,32.88
web design fareham,0,66,0%,44.65
web design uttoxeter,0,64,0%,34.39
website design walsall,0,63,0%,50.95
website design uttoxeter,0,62,0%,27.71
web designer stroud,0,62,0%,56.13
web design hemel hempstead,0,61,0%,63.16
window cleaner bedfordshire,0,61,0%,69.28
web design redditch,0,60,0%,51.07
website design redditch,0,59,0%,54.34
web design woking,0,59,0%,71.75
web design st albans,0,58,0%,79
uttoxeter web design company,0,57,0%,27.46
restaurant web design london,0,57,0%,82.98
website optimisation uttoxeter,0,56,0%,26.46
web design norwich,0,56,0%,72.89
web design halesowen,0,55,0%,39.35
pub web design agency uk,0,55,0%,53.95
pub web design agency,0,55,0%,57.58
website design bury st edmunds,0,54,0%,78.57
website design newport,0,54,0%,82.72
web design letchworth,0,53,0%,34.91
web design hitchin,0,53,0%,56.3
tattoo studio web design london,0,53,0%,69.85
website design oxfordshire,0,53,0%,85.7
web design greenock,0,52,0%,16.6
web designers darlington,0,52,0%,67.71
web design edinburgh,0,52,0%,89.5
shropshire web design,0,51,0%,82
website design st albans,0,51,0%,82.29
website design letchworth,0,50,0%,29.02
web design grantham,0,50,0%,44
web design stratford upon avon,0,50,0%,47.8
website design oldham,0,50,0%,48
scaffolding dudley,0,50,0%,54.08
website design hemel hempstead,0,50,0%,61.38
website design shropshire,0,50,0%,81.84
marylebone web design company,0,49,0%,17.88
web design warwickshire,0,49,0%,78.37
website design bromsgrove,0,48,0%,34.6
web design staffordshire,0,48,0%,81.33
web design nottingham,0,48,0%,91.44
painter and decorator chichester,0,47,0%,54.36
walsall web design company,0,47,0%,60.72
web design stevenage,0,47,0%,68.83
web design cardiff,0,47,0%,90.87
halesowen website design,0,46,0%,30.48
website design halesowen,0,46,0%,31.74
website design cwmbran,0,46,0%,35.5
pub web design,0,46,0%,70.89
web design bournemouth,0,46,0%,89.98
website hosting uttoxeter,0,45,0%,21.51
commercial scaffolding dudley,0,45,0%,36.22
web designer scunthorpe,0,45,0%,47.33
scaffolding marleybone,0,44,0%,19.57
web design dundee,0,44,0%,77.5
web development guildford,0,44,0%,85.98
web design bury st edmunds,0,44,0%,88.2
website design nottingham,0,44,0%,89.73
removal companies aldershot,0,42,0%,41.29
florist web design london,0,42,0%,56.6
web design cheltenham,0,42,0%,63.33
website design leamington spa,0,42,0%,76.95
seo uttoxeter,0,41,0%,26.24
web design winchester,0,41,0%,33.12
web design stroud,0,41,0%,58.46
website design woking,0,41,0%,61.39
web design folkestone,0,41,0%,67.93
removals website design,0,41,0%,71.63
web design newport,0,41,0%,86.49
locksmith web design london,0,40,0%,57.27
web design oxfordshire,0,40,0%,87.62
web design aberdeenshire,0,39,0%,35.36
web design yeovil,0,39,0%,51.28
web design cannock,0,39,0%,58.92
website design bedfordshire,0,39,0%,67.1
wordpress website updates uttoxeter,0,38,0%,6.45
web design clydebank,0,38,0%,41.5
web designers stroud,0,38,0%,57.87
web design tunbridge wells,0,38,0%,87.63
web design services livingston,0,37,0%,49.78
walsall web design,0,37,0%,50.65
web designer nottingham,0,37,0%,56.57
web design company stroud,0,37,0%,65.46
tattoo artist web design london,0,37,0%,74.62
web design gloucester,0,37,0%,86.81
pest control ruislip,0,36,0%,29.58
bromsgrove web design,0,36,0%,35.56
web design port talbot,0,36,0%,42.44
website design hinckley,0,36,0%,44.31
walsall website design,0,36,0%,52.19
painter and decorator wimbledon,0,36,0%,52.58
website design stroud,0,36,0%,57.97
web design west lothian,0,36,0%,60.78
web design wellingborough,0,36,0%,67.42
website design in milton keynes,0,36,0%,86.83
joiner altrincham,0,35,0%,27.2
website design winchester,0,35,0%,47.63
web design witney,0,35,0%,50.6
website design stevenage,0,35,0%,68.86
staffordshire web design,0,35,0%,73.83
web design st helens,0,35,0%,79.63
bromsgrove web design company,0,34,0%,62.79
skip hire chippenham,0,34,0%,68.59
website design bedford,0,34,0%,72.18
window cleaning rushden,0,33,0%,23.15
halesowen web design company,0,33,0%,39.42
web design nantwich,0,33,0%,49.24
web design east kilbride,0,33,0%,50.48
oldham web designer,0,33,0%,53.06
pest control tunbridge wells,0,33,0%,53.39
ecommerce website stroud,0,33,0%,63.61
darlington web design,0,33,0%,64.21
redditch web design company,0,33,0%,74.39
web designer guildford,0,33,0%,75
removal company web design,0,33,0%,75.18
web design chichester,0,33,0%,78.67
website design in sandbach,0,32,0%,45.16
electrician thetford,0,32,0%,45.22
stratford web design company,0,32,0%,52.44
walsall website development,0,32,0%,52.94
redditch website design,0,32,0%,55.78
skip hire salisbury,0,32,0%,66.59
website development bedford,0,32,0%,72.84
website design staffordshire,0,32,0%,75.66
web design aylesbury,0,32,0%,78.22
web design ipswich,0,32,0%,81.09
web design halifax,0,32,0%,83.66
web design fleet,0,31,0%,28.16
carpet cleaners sydenham,0,31,0%,30.68
winchester website design,0,31,0%,43.65
stroud web design,0,31,0%,49.39
warwick web design,0,31,0%,51.77
scaffolding contractors dudley,0,31,0%,59.26
web design ashford kent,0,31,0%,61.42
web development walsall,0,31,0%,61.65
website design warwickshire,0,31,0%,85.81
web design sheffield,0,31,0%,97.77
web design glastonbury,0,30,0%,22.4
web design camden,0,30,0%,54.6
redditch web design,0,30,0%,56.1
website design hitchin,0,30,0%,63.73
darlington website design,0,30,0%,70.1
york web designer,0,30,0%,71.03
web designers nottingham,0,30,0%,86.63
web design worksop,0,29,0%,32.14
domestic scaffolding dudley,0,29,0%,38.93
web design truro,0,29,0%,44.14
website design falkirk,0,29,0%,51.14
skip hire torquay,0,29,0%,57.41
web design mansfield,0,29,0%,66.72
web design ayrshire,0,29,0%,66.86
website design leamington,0,29,0%,74.52
website design barnstaple,0,29,0%,85.31
nottingham web design,0,29,0%,89.62
droitwich website design,0,28,0%,38.39
stourbridge flowers,0,28,0%,38.54
pest control twickenham,0,28,0%,52.36
website builds banbury,0,28,0%,54.32
website design cheltenham,0,28,0%,59.96
web design watford,0,28,0%,73.04
online will service hemel hempstead,0,28,0%,74.5
web design stafford,0,28,0%,75.07
website development services st albans,0,28,0%,81.21
pest control wood green,0,27,0%,21.11
website design glastonbury,0,27,0%,24.15
skip hire tring,0,27,0%,27.37
web design fulham,0,27,0%,33.33
website design grantham,0,27,0%,40.19
web design paisley,0,27,0%,50.56
website design wakefield,0,27,0%,66.85
west lothian web design,0,27,0%,68.74
website design in truro,0,27,0%,69.89
web design for plasterers,0,27,0%,77.07
website design stafford,0,27,0%,77.07
web design bradford,0,27,0%,81.96
website design ipswich,0,27,0%,82.74
website design gloucester,0,27,0%,85.22
shrewsbury web design,0,27,0%,94.48
takeaway web design colchester,0,26,0%,35.77
stourbridge web design company,0,26,0%,37.12
scaffolding high wycombe,0,26,0%,42.5
website design in winsford,0,26,0%,42.69
website design witney,0,26,0%,50
web design companies in west lothian,0,26,0%,58.46
website design wells,0,26,0%,60.38
window cleaning dudley,0,26,0%,61.35
website design and build bolton,0,26,0%,75.92
web design bury,0,26,0%,77.88
web design northampton,0,26,0%,85.15
website design berkshire,0,26,0%,85.42
shrewsbury web design company,0,26,0%,90.42
web design gainsborough,0,25,0%,24.44
web design didcot,0,25,0%,26.88
web design corby,0,25,0%,33.84
kidderminster web design company,0,25,0%,38.56
music web design london,0,25,0%,45.2
web designers oldham,0,25,0%,53.04
web design derry,0,25,0%,53.48
web design weston super mare,0,25,0%,56.4
web design falkirk,0,25,0%,60.64
website designer guildford,0,25,0%,79.6
web design leamington,0,25,0%,84.36
web design wolverhampton,0,25,0%,84.88
website design harrogate,0,25,0%,85.88
web design leicester,0,25,0%,85.96
web design dumbarton,0,24,0%,22.54
website design livingston,0,24,0%,32.04
website design aldershot,0,24,0%,33.88
web design kilmarnock,0,24,0%,43.33
web design hinckley,0,24,0%,45.12
decorator in chichester,0,24,0%,55.71
removals web design,0,24,0%,56.04
web design opticians,0,24,0%,60.62
website design doncaster,0,24,0%,63.88
web design telford,0,24,0%,69.29
web design agency scunthorpe,0,24,0%,70.79
website design warwick,0,24,0%,72.67
wordpress website designer guildford,0,24,0%,77.71
web design altrincham,0,24,0%,78.33
web design southampton,0,24,0%,85.42
web design roofers,0,24,0%,89.67
web design blackpool,0,24,0%,91.58
web design wokingham,0,23,0%,28.74
scaffolding harlow,0,23,0%,34.91
carpet cleaner aylesbury,0,23,0%,36.35
carpet cleaning in sydenham,0,23,0%,38.7
web design macclesfield,0,23,0%,40.26
winchester web design,0,23,0%,40.96
website design paisley,0,23,0%,46.57
website design bracknell,0,23,0%,52.83
web design barnet,0,23,0%,58.04
web design lichfield,0,23,0%,60.48
web designer near me,0,23,0%,60.96
web design kettering,0,23,0%,63.3
web design banbury,0,23,0%,67.48
web designers ipswich,0,23,0%,69.26
locksmith web design services,0,23,0%,70.22
nottingham website design,0,23,0%,73.96
guildford web design,0,23,0%,75.04
website design kettering,0,23,0%,75.87
website design norwich,0,23,0%,80.39
chippenham wiltshire personal trainer online coaching price monthly,0,22,0%,6.55
skips tring,0,22,0%,25.77
witney web design,0,22,0%,29.41
web design sleaford,0,22,0%,38.64
website design droitwich,0,22,0%,44.59
scaffolding supplies kidderminster,0,22,0%,49.09
website designers paisley,0,22,0%,53.14
website design cannock,0,22,0%,54.59
website design tamworth,0,22,0%,54.59
web designer hemel hempstead,0,22,0%,55.32
website design huntingdon,0,22,0%,58.86
web design stamford,0,22,0%,59.32
website design glasgow,0,22,0%,62.27
website design andover,0,22,0%,65.82
website design in aylesbury,0,22,0%,73.55
website design horsham,0,22,0%,76.45
web design service birmingham,0,22,0%,78.36
web designer harrogate,0,22,0%,82.64
web designer edinburgh,0,22,0%,84.73
bolton website design,0,22,0%,86.41
scaffolding wolverhampton,0,22,0%,91.27
carpet cleaning kings lynn,0,21,0%,29.86
web design rawtenstall,0,21,0%,32.1
carpet cleaners in sydenham,0,21,0%,32.9
website design chelsea,0,21,0%,33.9
web design bridgwater,0,21,0%,34.52
web design droitwich,0,21,0%,37.14
website design bridgwater,0,21,0%,38.24
website design spalding,0,21,0%,40.95
website design ross on wye,0,21,0%,43.71
web design godalming,0,21,0%,44
website design yeovil,0,21,0%,46.33
web design tamworth,0,21,0%,49.1
web design sutton coldfield,0,21,0%,51.14
web design knaresborough,0,21,0%,55.05
website design in camborne,0,21,0%,59.62
wordpress web design scunthorpe,0,21,0%,60.52
ecommerce stroud,0,21,0%,63.05
halifax web designer,0,21,0%,66.81
southend web designers,0,21,0%,70.67
web design ashford,0,21,0%,73.43
web design swansea,0,21,0%,75.38
website development services cheltenham,0,21,0%,81.71
website design grimsby,0,21,0%,82.24
skip web design,0,20,0%,27.6
halesowen website design company,0,20,0%,28.95
commercial scaffolding in lewes,0,20,0%,29.4
web design runcorn,0,20,0%,31.3
carpet cleaning aylesbury,0,20,0%,40.35
carpet cleaning chippenham,0,20,0%,42.65
web design llandudno,0,20,0%,44.7
window cleaning newport,0,20,0%,44.95
website design in ellesmere port,0,20,0%,47.4
wood green web design company,0,20,0%,53.15
web design lewes,0,20,0%,55.05
website designer hemel hempstead,0,20,0%,61.35
weymouth web design,0,20,0%,61.85
web design chippenham,0,20,0%,63.7
darlington website designer,0,20,0%,66.4
web design worthing,0,20,0%,66.9
website design for small businesses leicestershire,0,20,0%,71.2
web design company stafford,0,20,0%,73.85
garden design wimbledon,0,20,0%,77.35
web development bury st edmunds,0,20,0%,80
website designer aberdeen,0,20,0%,82.75
middlesbrough web designer,0,20,0%,82.9
website development bolton,0,20,0%,89.8
web design agency guildford,0,20,0%,90.6
wedding cakes in neath,0,19,0%,24.16
window cleaning corby,0,19,0%,25.21
web design long eaton,0,19,0%,27
website designers wantage,0,19,0%,28.26
website design wantage,0,19,0%,28.89
window cleaning tooting,0,19,0%,29.32
web design for plumbers portsmouth,0,19,0%,30.32
evesham website design,0,19,0%,31.42
web design clitheroe,0,19,0%,38.11
website design deal,0,19,0%,39.68
window cleaning halesowen,0,19,0%,41.89
scaffolding battersea near me,0,19,0%,42.05
tamworth website design,0,19,0%,48.37
web design stratford,0,19,0%,48.84
web designer gloucestershire,0,19,0%,49.89
web design tewkesbury,0,19,0%,53
website design chippenham,0,19,0%,53.58
website design in newquay,0,19,0%,54.53
website design londonderry,0,19,0%,55.37
website design in nantwich,0,19,0%,55.53
flat roofing tring,0,19,0%,56.63
web design dorchester,0,19,0%,56.79
carpet cleaning ipswich,0,19,0%,68.05
removals aldershot,0,19,0%,68.11
web design peterborough,0,19,0%,71.32
web design bedfordshire,0,19,0%,76.05
website design in chester,0,19,0%,78.42
web design doncaster,0,19,0%,79
web designers in southend,0,19,0%,79.16
website design services st albans,0,19,0%,79.26
web designer newcastle,0,19,0%,80.95
web design chesterfield,0,19,0%,81.89
website design tunbridge wells,0,19,0%,82.11
website build bolton,0,19,0%,85.32
shropshire website design,0,19,0%,85.47
web design harrogate,0,19,0%,88.68
website design bournemouth,0,19,0%,90.58
chippenham wiltshire personal trainer online coaching monthly price,0,18,0%,5.17
website design greenock,0,18,0%,17.78
tilers banbury,0,18,0%,20.39
web design kilwinning,0,18,0%,23.83
builders halesowen,0,18,0%,29.33
scaffolding newbury,0,18,0%,31.67
scaffolding battersea,0,18,0%,33.94
website design corby,0,18,0%,38.5
web design buxton,0,18,0%,41.89
website design west lothian,0,18,0%,45.44
web design skip hire,0,18,0%,47.17
swift static,0,18,0%,47.94
web design thirsk,0,18,0%,51.33
roofer in tring,0,18,0%,51.89
website design weston super mare,0,18,0%,53.56
website design aylesbury,0,18,0%,57.28
folkestone web design,0,18,0%,58.78
web designer stafford,0,18,0%,59.22
tilers portsmouth,0,18,0%,59.33
website design in macclesfield,0,18,0%,63.89
web design accountants berkshire,0,18,0%,64.78
window cleaning st albans,0,18,0%,65.44
pest control walthamstow,0,18,0%,66.89
web design scaffolders,0,18,0%,70.33
web design locksmiths,0,18,0%,71.72
website design kendal,0,18,0%,73.83
carpet cleaning hemel hempstead,0,18,0%,75.22
web design rochdale,0,18,0%,78.78
web design chester,0,18,0%,79.67
st albans web design,0,18,0%,80.17
commercial scaffolding wolverhampton,0,18,0%,80.5
staffordshire website design,0,18,0%,82.83
custom web design for professionals oxford,0,18,0%,83.17
web design in guildford,0,18,0%,84
logo design redditch,0,18,0%,84.28
dentist web design london,0,18,0%,84.56
dental web design london,0,18,0%,87.61
website design edinburgh,0,18,0%,88.67
web design huddersfield,0,18,0%,93.89
builder halesowen,0,17,0%,22.06
carpet cleaning shipley,0,17,0%,23.76
website designer ross on wye,0,17,0%,27.41
web design wantage,0,17,0%,31.71
skip hire frome,0,17,0%,35.35
builders putney,0,17,0%,35.71
web design newhaven,0,17,0%,39.41
skip hire east kilbride,0,17,0%,40.29
website design scarborough,0,17,0%,43.47
web design oswestry,0,17,0%,43.59
dudley website design,0,17,0%,43.65
website designer malvern,0,17,0%,46.18
website redesign scunthorpe,0,17,0%,47.18
web designer winchester,0,17,0%,49
website designer scunthorpe,0,17,0%,49.88
pub website design agency,0,17,0%,51.65
web designers chippenham,0,17,0%,53.47
pest control bridgend,0,17,0%,54.82
window cleaning rotherham,0,17,0%,55.82
new build scaffolding dudley,0,17,0%,57.59
website design malvern,0,17,0%,59
website development scunthorpe,0,17,0%,60.24
web design gloucestershire,0,17,0%,62.18
web design hull,0,17,0%,62.47
website design derry,0,17,0%,63.88
web design kendal,0,17,0%,67.29
window cleaning woking,0,17,0%,68.18
tunbridge wells web design,0,17,0%,71.12
st albans website design,0,17,0%,73.76
dundee web design,0,17,0%,74.94
website design service cheltenham,0,17,0%,79.18
website design taunton,0,17,0%,79.47
website design in reading,0,17,0%,79.53
scaffolding crawley,0,17,0%,79.71
web agency horsham,0,17,0%,80.71
norwich web design,0,17,0%,82
plumbing design services,0,17,0%,82.29
locksmith web design agency,0,17,0%,82.76
web designers milton keynes,0,17,0%,83.47
web design in reading,0,17,0%,84.12
web design fife,0,17,0%,84.71
web design in norwich,0,17,0%,86.59
web design maidstone,0,17,0%,87.35
web design wigan,0,17,0%,87.53
torquay web design,0,17,0%,88.65
website design liverpool,0,17,0%,92.71
web design oxford,0,17,0%,93.47
birthday cakes in neath,0,16,0%,26
window cleaners godalming,0,16,0%,26.25
tilers south shields,0,16,0%,27.5
domestic scaffolding lichfield,0,16,0%,29
web design company in saffron walden,0,16,0%,31.5
window cleaning balham,0,16,0%,34.5
web design chelsea,0,16,0%,34.94
web design bracknell,0,16,0%,37.75
glasses styling redditch,0,16,0%,38.5
eye care services droitwich,0,16,0%,41.25
website design joiner,0,16,0%,41.81
locksmith exmouth,0,16,0%,47.12
website design nantwich,0,16,0%,47.75
pest control wrexham,0,16,0%,48.81
website design tonbridge,0,16,0%,49.5
design agency bromsgrove,0,16,0%,50.38
hounslow web design company,0,16,0%,51.19
removals muswell hill,0,16,0%,52.56
window cleaning wellingborough,0,16,0%,54.81
web design bromley,0,16,0%,54.94
plasterers web designer,0,16,0%,55.62
web design ayr,0,16,0%,57.25
website design company near winchester,0,16,0%,58.75
web design company scunthorpe,0,16,0%,60.5
website design in newbury,0,16,0%,61.19
web development scunthorpe,0,16,0%,61.56
carpet cleaning oldham,0,16,0%,63.12
scaffolding walsall,0,16,0%,63.88
website design in widnes,0,16,0%,64.19
commercial scaffolding chelmsford,0,16,0%,65.12
carpet cleaning st albans,0,16,0%,65.94
residential scaffolding dudley,0,16,0%,66.44
web design huntingdon,0,16,0%,68.25
web design nuneaton,0,16,0%,68.5
web design stockport,0,16,0%,69.56
removals brentford,0,16,0%,69.62
milton keynes web design,0,16,0%,73.88
plumbing design agency,0,16,0%,79.25
website design chesterfield,0,16,0%,80.31
web designers guildford,0,16,0%,81.81
website design northampton,0,16,0%,82.19
web design agency stroud,0,16,0%,84.62
website design in redruth,0,16,0%,85.69
website design reading,0,16,0%,85.94
web design torquay,0,16,0%,87.56
rendering in stroud,0,15,0%,17.93
web design aldershot,0,15,0%,22.6
web design sutton-in-ashfield,0,15,0%,27.87
fitness membership llandudno,0,15,0%,30.6
pest control brixton,0,15,0%,31.8
carpet cleaning corby,0,15,0%,34.2
website design aberystwyth,0,15,0%,34.47
web designer londonderry,0,15,0%,35.27
ashton-under-lyne web designers,0,15,0%,39.73
web designers tamworth,0,15,0%,40.6
web design leigh,0,15,0%,41.2
scaffolders brigg,0,15,0%,42.67
web designer leigh,0,15,0%,42.8
scaffolding company dudley,0,15,0%,43.4
website design fareham,0,15,0%,44.87
web design matlock,0,15,0%,47.47
website design east kilbride,0,15,0%,47.6
scaffolder dudley,0,15,0%,48.73
web design stourbridge,0,15,0%,48.73
website design barnet,0,15,0%,49
tamworth web design,0,15,0%,49.2
affordable web design stourbridge,0,15,0%,52.07
shropshire gym design,0,15,0%,52.47
lichfield web design company,0,15,0%,52.53
window cleaning horsham,0,15,0%,54.4
website design gosport,0,15,0%,55.8
web design hemel,0,15,0%,57.13
website design banbury,0,15,0%,57.6
plastering websites,0,15,0%,57.93
website designers west lothian,0,15,0%,59.33
removals in aldershot,0,15,0%,60.33
web development darlington,0,15,0%,62.53
website design in falmouth,0,15,0%,62.6
website design in matlock,0,15,0%,64.13
web design gateshead,0,15,0%,64.4
web designer darlington,0,15,0%,64.53
web design in dundee,0,15,0%,65.27
northampton web design,0,15,0%,65.33
website design in swadlincote,0,15,0%,67.93
website design worthing,0,15,0%,68.67
plasterers web design,0,15,0%,71
design ipswich,0,15,0%,71.8
web design belfast,0,15,0%,73.07
website design in huntingdon,0,15,0%,73.87
website design in chesterfield,0,15,0%,74.33
web design brighton,0,15,0%,74.4
web design in staffordshire,0,15,0%,79.8
website designers guildford,0,15,0%,80.13
website design telford,0,15,0%,80.93
scaffolding bournemouth,0,15,0%,81.27
tattoo studio web design agency,0,15,0%,83.47
web design reading,0,15,0%,83.67
shopify website design leeds,0,15,0%,83.93
nottingham web designer,0,15,0%,84.2
web design derby,0,15,0%,85.13
website development guildford,0,15,0%,85.73
web designer hertfordshire,0,15,0%,86.6
bury st edmunds website design,0,15,0%,87.07
website design southampton,0,15,0%,88.67
web design liverpool,0,15,0%,94.33
web design exeter,0,15,0%,98.07
web design west dunbartonshire,0,14,0%,11.5
scaffolding companies brigg,0,14,0%,11.93
business catering bethnal green,0,14,0%,13.5
scaffolders tadcaster,0,14,0%,16.71
commercial scaffolding cannock,0,14,0%,16.86
pest control marylebone,0,14,0%,19.5
website design tipton,0,14,0%,20.14
removal company whitehaven,0,14,0%,22.79
notting hill web design,0,14,0%,23.21
carpet cleaning burgess hill,0,14,0%,25.71
cumbernauld website design,0,14,0%,28.14
removals retford,0,14,0%,28.71
website design skegness,0,14,0%,30.93
scaffolding companies grantham,0,14,0%,31.29
web design hammersmith,0,14,0%,31.71
opticians redditch,0,14,0%,33
scaffolders high wycombe,0,14,0%,34.5
carpet cleaners soho,0,14,0%,35.93
skip hire catford,0,14,0%,36
web design agency dudley,0,14,0%,36.57
sofa cleaning kings lynn,0,14,0%,36.86
opticians tamworth,0,14,0%,38.36
commercial carpet cleaning swadlincote,0,14,0%,39.36
web designer bromsgrove,0,14,0%,40.29
web designers corby,0,14,0%,40.36
daventry pest control,0,14,0%,41.5
pest control chiswick,0,14,0%,41.86
window cleaner wellingborough,0,14,0%,43.07
plasterer sutton coldfield,0,14,0%,45.57
plasterers in sutton coldfield,0,14,0%,46
website design dorchester,0,14,0%,49.79
website designers in scunthorpe,0,14,0%,50.36
web design agency rotherham,0,14,0%,50.43
carpet cleaning soho,0,14,0%,50.64
removals ware,0,14,0%,51.5
plasterers in carlisle,0,14,0%,52.43
website builders scunthorpe,0,14,0%,53.79
web design burnley,0,14,0%,53.93
website designer derry,0,14,0%,54.57
kings lynn webdesign,0,14,0%,55.07
web design londonderry,0,14,0%,55.36
window cleaner rotherham,0,14,0%,55.5
web designers banbury,0,14,0%,56.14
bromley web design,0,14,0%,57.36
website design in ashton-under-lyne,0,14,0%,57.79
web design newbury,0,14,0%,59
web designer birmingham,0,14,0%,59.21
website design in gillingham,0,14,0%,59.79
florist in south shields,0,14,0%,59.93
website designers tamworth,0,14,0%,59.93
web design company in clacton,0,14,0%,61.71
website designers norwich,0,14,0%,63
web design basingstoke,0,14,0%,64.79
website design peterborough,0,14,0%,65.29
web design harlow,0,14,0%,65.5
website design mansfield,0,14,0%,65.5
stevenage website design,0,14,0%,66.5
removals web design london,0,14,0%,68.14
harrogate web designer,0,14,0%,73.43
scaffolding bedford,0,14,0%,74.5
website designers newport,0,14,0%,75.14
web design company in ipswich,0,14,0%,76.29
web design company ipswich,0,14,0%,78.86
ipswich web design,0,14,0%,79.14
website design wellingborough,0,14,0%,81.79
web design richmond,0,14,0%,82.93
web design in chester,0,14,0%,83.57
website design aberdeen,0,14,0%,84.71
web design grimsby,0,14,0%,85.36
website design swansea,0,14,0%,85.43
website design in bolton,0,14,0%,86.07
affordable web design newport,0,14,0%,86.36
web design agency cannock,0,14,0%,86.36
web design durham,0,14,0%,87
web designer bournemouth,0,14,0%,87.29
estate agent web design london,0,14,0%,89.57
web designers edinburgh,0,14,0%,89.64
website design colchester,0,14,0%,90.36
leeds web designer,0,14,0%,90.43
web design middlesbrough,0,14,0%,92.79
chippenham wiltshire personal trainer online coaching price,0,13,0%,4
scaffold hire brigg,0,13,0%,12.15
scaffolding tadcaster,0,13,0%,16.15
web design wallingford,0,13,0%,17
pest control soho,0,13,0%,17.08
event catering bethnal green,0,13,0%,18
website design in spennymoor,0,13,0%,18.62
bespoke eyewear redditch,0,13,0%,26.92
carpet cleaning swadlincote,0,13,0%,27.69
pest control shoreditch,0,13,0%,28.15
pest control coatbridge,0,13,0%,32.62
web design kidderminster,0,13,0%,32.85
website design in lewisham,0,13,0%,32.85
painter and decorator horsham,0,13,0%,34.23
scaffolding aldershot,0,13,0%,34.69
removals kirkcaldy,0,13,0%,34.92
locksmith kilwinning,0,13,0%,35.38
camden opticians,0,13,0%,35.69
dorchester web design,0,13,0%,36.46
carpet cleaners loughborough,0,13,0%,37.46
scaffolders grantham,0,13,0%,38.23
web design newquay,0,13,0%,38.23
scaffolding companies walthamstow,0,13,0%,39.23
website design chatham kent,0,13,0%,39.54
web design coatbridge,0,13,0%,40.15
plasterer kilmarnock,0,13,0%,40.38
website design in bromsgrove,0,13,0%,42.08
royston solicitors,0,13,0%,42.38
web design dudley,0,13,0%,44.62
web design scarborough,0,13,0%,44.77
kensington web design company,0,13,0%,46.85
web designer falkirk,0,13,0%,46.92
web designers bromley,0,13,0%,47.62
removal company muswell hill,0,13,0%,47.85
accountants hitchin,0,13,0%,48.15
decorators burnley,0,13,0%,48.38
website design stratford upon avon,0,13,0%,51.62
website designer for restaurants chelsea,0,13,0%,52.23
website design worcester,0,13,0%,52.54
web designer kings lynn,0,13,0%,52.62
school removals kirkcaldy,0,13,0%,54.54
web design in bromley,0,13,0%,54.77
new build scaffolding walsall,0,13,0%,55.38
website design in bideford,0,13,0%,56.08
web designer gateshead,0,13,0%,57.77
website design in saffron walden,0,13,0%,57.77
web design agency hemel hempstead,0,13,0%,58.23
website development darlington,0,13,0%,58.54
shopify website design telford,0,13,0%,58.92
commercial scaffolding walsall,0,13,0%,60.15
bromsgrove website design,0,13,0%,61.15
catering business website,0,13,0%,61.92
carpet cleaning twickenham,0,13,0%,62.46
local web designer york,0,13,0%,62.54
website design in chatham,0,13,0%,63.31
web design malvern,0,13,0%,64
web design and hosting londonderry,0,13,0%,64.69
website design for restaurants london,0,13,0%,66
web design weymouth,0,13,0%,66.38
website design stamford,0,13,0%,66.38
ashford web design,0,13,0%,67
web design gwynedd,0,13,0%,67.85
tattoo studio web design,0,13,0%,68.92
business website horsham,0,13,0%,69.23
doncaster web designer,0,13,0%,69.46
stafford website design,0,13,0%,71
bookkeeping services redditch,0,13,0%,71.23
scaffold dudley,0,13,0%,71.69
website design in hemel hempstead,0,13,0%,72.62
commercial scaffolding southend,0,13,0%,73.31
removals in stratford upon avon,0,13,0%,73.69
shopify website builder milton keynes,0,13,0%,73.77
scaffolding romford,0,13,0%,74.15
scaffold erection dudley,0,13,0%,74.62
web design salisbury,0,13,0%,75.69
doncaster web design,0,13,0%,76.31
southend website design,0,13,0%,79.46
web designer aberdeen,0,13,0%,80.46
website design leicestershire,0,13,0%,81.31
website designers bolton,0,13,0%,82.08
ealing web design company,0,13,0%,82.23
website development northampton,0,13,0%,82.31
online shop design wales,0,13,0%,84.31
website design shrewsbury,0,13,0%,85.31
website design wiltshire,0,13,0%,85.77
"stratford, london web design company",0,13,0%,86.69
web design lincolnshire,0,13,0%,86.69
web design rayleigh,0,13,0%,86.85
website design wolverhampton,0,13,0%,87.23
maidstone web design,0,13,0%,88.54
web design york,0,13,0%,91.31
website design cardiff,0,13,0%,93
removals whitehaven,0,12,0%,21.83
cumbernauld website designer,0,12,0%,22
accountants swadlincote,0,12,0%,22.42
website design elgin,0,12,0%,23
scaffolding cannock,0,12,0%,25.42
removals dalkeith,0,12,0%,30.25
scaffold hire grantham,0,12,0%,30.58
painter truro,0,12,0%,32.42
carpet cleaning bexleyheath,0,12,0%,34
web designer clitheroe,0,12,0%,35.17
restaurant design belfast,0,12,0%,35.42
hosting bury st edmunds,0,12,0%,35.5
web design ross on wye,0,12,0%,37.17
commercial carpet cleaning shipley,0,12,0%,37.5
website designers bromsgrove,0,12,0%,37.75
web design agency halesowen,0,12,0%,40.33
dog groomer hitchin,0,12,0%,41.08
scaffolding barnet,0,12,0%,41.67
domestic scaffolding cannock,0,12,0%,41.92
wasp nest removal wrexham,0,12,0%,42.17
residential carpet cleaning swadlincote,0,12,0%,44.5
web design andover,0,12,0%,46.83
web design clacton,0,12,0%,47.67
web design dover,0,12,0%,48
domestic scaffolding barnet,0,12,0%,48.92
web design wetherby,0,12,0%,49.67
web hosting walsall,0,12,0%,49.83
locksmith bishop auckland,0,12,0%,50.17
web design ripon,0,12,0%,50.42
web design tonbridge,0,12,0%,51.25
new roofs droitwich,0,12,0%,52.42
website builder scunthorpe,0,12,0%,53
website design in royston,0,12,0%,53.25
wool rug cleaning ipswich,0,12,0%,54.58
web design airdrie,0,12,0%,55.25
web designer hull,0,12,0%,55.42
flat roofing droitwich,0,12,0%,55.58
upholstery cleaning oldham,0,12,0%,55.75
webdesign stroud,0,12,0%,55.75
ilford web design company,0,12,0%,55.83
glasses redditch,0,12,0%,56.58
ecommerce website design bromsgrove,0,12,0%,57.17
cannock web design company,0,12,0%,58.92
website maker derry,0,12,0%,58.92
ecommerce website redditch,0,12,0%,59.17
local business websites for barbers,0,12,0%,60.75
locksmith bromsgrove,0,12,0%,60.92
commercial carpet cleaners ashton-under-lyne,0,12,0%,61.58
website designer bracknell,0,12,0%,62.08
website design in runcorn,0,12,0%,62.25
scaffolding supplies tipton,0,12,0%,62.58
removals website design agency,0,12,0%,62.75
web designers stafford,0,12,0%,62.75
scaffolders bedford,0,12,0%,65.25
restaurant website design london,0,12,0%,66.58
plasterers website design,0,12,0%,67.25
pub websites,0,12,0%,69.83
dundee web designs,0,12,0%,70.58
web design trowbridge,0,12,0%,70.67
scaffolding chelmsford,0,12,0%,72.25
romford web design company,0,12,0%,72.5
web designer in cheltenham,0,12,0%,72.83
websites horsham,0,12,0%,75.5
scaffolding milton keynes,0,12,0%,77.67
cheltenham web design,0,12,0%,77.75
doncaster website design,0,12,0%,78.75
web designer leeds,0,12,0%,80.17
website design northamptonshire,0,12,0%,81.42
graphic design bromsgrove,0,12,0%,81.58
web designers oxford,0,12,0%,82.08
web design agency bedford,0,12,0%,82.67
web design agency cheltenham,0,12,0%,83.33
web designer oxfordshire,0,12,0%,86.58
website design oxford,0,12,0%,92.92
web design milton keynes,0,12,0%,93.5
bournemouth web design,0,12,0%,94.33
website design sheffield,0,12,0%,95
web design bath,0,12,0%,97.17
street food van battersea,0,11,0%,12.73
scaffolding hire tadcaster,0,11,0%,14.27
web design littlehampton,0,11,0%,19.82
wedding services in gillingham,0,11,0%,19.82
cake makers in neath,0,11,0%,19.91
cake makers in scarborough,0,11,0%,21.27
carpet cleaning covent garden,0,11,0%,22.73
web design bishop auckland,0,11,0%,25
online personal trainer croydon,0,11,0%,25.64
website designers pontypridd,0,11,0%,26.18
web design notting hill,0,11,0%,26.27
scaffolding covent garden,0,11,0%,26.45
wasps nest removal wrexham,0,11,0%,26.82
scaffolding grantham,0,11,0%,27.73
carpet cleaners swadlincote,0,11,0%,29.18
website hosting scunthorpe,0,11,0%,29.18
domestic scaffolding in lewes,0,11,0%,29.45
web designer great yarmouth,0,11,0%,31.36
upholstery cleaning loughborough,0,11,0%,31.91
gym membership llandudno,0,11,0%,32.91
web design penrith,0,11,0%,34.91
bird proofing in chippenham,0,11,0%,36.45
fitness center llandudno,0,11,0%,36.55
website design in letchworth,0,11,0%,36.82
carpet cleaners bexleyheath,0,11,0%,37
commercial scaffolding walthamstow,0,11,0%,37.55
opticians halifax,0,11,0%,38.82
flowers in stourbridge,0,11,0%,39.45
removals littlehampton,0,11,0%,39.91
website design hemel,0,11,0%,39.91
scaffolding kensington,0,11,0%,40.64
website design runcorn,0,11,0%,41.64
web designer rushden,0,11,0%,41.82
bridgwater skips,0,11,0%,42.55
rat exterminator price wrexham,0,11,0%,43.55
website designer londonderry,0,11,0%,43.82
office removals whitehaven,0,11,0%,44.55
scaffolding companies stevenage,0,11,0%,45.45
window cleaners newport,0,11,0%,45.73
scaffolding marleybone near me,0,11,0%,45.82
domestic scaffolding walthamstow,0,11,0%,45.91
design agencies bromsgrove,0,11,0%,46.73
domestic scaffolding high wycombe,0,11,0%,47.09
window cleaner newport,0,11,0%,47.45
unique eyewear redditch,0,11,0%,49.18
cake makers in leeds,0,11,0%,49.64
industrial roofing design warwick,0,11,0%,50
skip hire hitchin,0,11,0%,51.91
dental site design companies near me,0,11,0%,52.45
rug washing ipswich,0,11,0%,52.45
carpet cleaning tewkesbury,0,11,0%,54
hemel hempstead web design,0,11,0%,54
fareham web design,0,11,0%,54.36
website design wokingham,0,11,0%,55.09
hereford web designers,0,11,0%,58.18
website creation derry,0,11,0%,58.55
web design companies falkirk,0,11,0%,58.64
hitchin personal trainer,0,11,0%,58.82
web design dunfermline,0,11,0%,60.36
website design in clapham,0,11,0%,60.55
web designer glasgow,0,11,0%,61.36
carpet cleaners twickenham,0,11,0%,61.45
web developer lichfield,0,11,0%,63.09
web design bridgend,0,11,0%,63.45
web designer weymouth,0,11,0%,64.64
cheltenham web design company,0,11,0%,65.82
web design skipton,0,11,0%,66.18
website developers for plasterers,0,11,0%,66.55
stevenage web design,0,11,0%,66.82
garden designer redditch,0,11,0%,67.09
web design penzance,0,11,0%,67.09
web design hereford,0,11,0%,67.55
web design slough,0,11,0%,67.64
website design burnley,0,11,0%,67.64
commercial window cleaning st albans,0,11,0%,67.91
stafford web design,0,11,0%,67.91
gym website design uk,0,11,0%,68.18
web design company bedford,0,11,0%,68.18
plastering website design,0,11,0%,68.64
scaffolding basildon,0,11,0%,70.27
web design ealing,0,11,0%,70.45
mansfield web design company,0,11,0%,70.55
commercial scaffolding crawley,0,11,0%,71.18
web design taunton,0,11,0%,72.18
website design herefordshire,0,11,0%,72.18
website design in enfield,0,11,0%,72.27
website design for plasterers,0,11,0%,72.82
logo design bromsgrove,0,11,0%,73.82
torbay web design,0,11,0%,73.82
pest control hammersmith,0,11,0%,73.91
scaffolding southend,0,11,0%,75.09
web companies newport,0,11,0%,76.18
branding and website package shropshire,0,11,0%,77.18
website designer st albans,0,11,0%,77.91
bespoke website development shropshire,0,11,0%,79.45
website design torquay,0,11,0%,79.55
soft landscaping wimbledon,0,11,0%,79.64
website design richmond,0,11,0%,80.27
websites for plasterers,0,11,0%,80.45
web designer in lincoln,0,11,0%,80.82
web design northamptonshire,0,11,0%,82.45
southampton website design,0,11,0%,83.36
web design in lincoln,0,11,0%,83.55
web design leamington spa,0,11,0%,83.73
web design torbay,0,11,0%,87.27
retail web design london,0,11,0%,94.82
website design hertfordshire,0,11,0%,98.55
coffee shop design croydon,0,10,0%,5.3
"""todmorden, west yorkshire"" ""restaurant"" ""chef"" or ""dining"" -pub -inn 
-gastropub -site:tripadvisor.* -site:booking.com",0,10,0%,7
scaffolding soho,0,10,0%,12.5
wedding services in clacton-on-sea,0,10,0%,16.3
wedding services in chatham,0,10,0%,16.4
website designer glastonbury,0,10,0%,17.3
tutoring in covent garden,0,10,0%,18.3
personal trainers in clacton-on-sea,0,10,0%,20.2
window cleaning widnes,0,10,0%,21.1
skip hire hexham,0,10,0%,21.2
rushden web designer,0,10,0%,21.7
pest control catford,0,10,0%,22.9
florist galashiels,0,10,0%,23.2
scaffold hire amersham,0,10,0%,23.3
best web designer stourbridge,0,10,0%,23.6
locksmith irvine,0,10,0%,24.9
tilers colchester,0,10,0%,26.8
mobile hairdressers leamington spa,0,10,0%,27
website design newark,0,10,0%,27
commercial scaffolding rushden,0,10,0%,27.7
domestic scaffolding amersham,0,10,0%,27.7
web design melton mowbray,0,10,0%,27.7
domestic scaffolding felixstowe,0,10,0%,27.8
domestic scaffolding harlow,0,10,0%,28.4
accountants thetford,0,10,0%,29
scaffolding brentford,0,10,0%,30.4
web design amersham,0,10,0%,31.1
web designer chelsea,0,10,0%,31.4
commercial scaffolding lichfield,0,10,0%,31.5
domestic scaffolding willenhall,0,10,0%,32.8
website design in ilkeston,0,10,0%,33.3
guitar lessons sutton coldfield,0,10,0%,33.4
removal company frome,0,10,0%,33.5
bar design belfast,0,10,0%,34.3
scaffolding finchley,0,10,0%,34.3
scaffolding clapham,0,10,0%,34.5
event catering chelsea,0,10,0%,34.9
web design bicester,0,10,0%,35.1
removals frome,0,10,0%,35.3
web design ilford,0,10,0%,35.9
web design spalding,0,10,0%,36
builders in putney,0,10,0%,36.5
spalding website design,0,10,0%,36.8
painter and decorator hitchin,0,10,0%,37
eye care services malvern,0,10,0%,37.5
new build scaffolding in lewes,0,10,0%,37.5
pest control airdrie,0,10,0%,37.5
wembley web design company,0,10,0%,40.7
website design in buxton,0,10,0%,41.3
website design in bridlington,0,10,0%,43.5
opticians in halifax,0,10,0%,43.7
web design harrow,0,10,0%,44.1
scaffolding company high wycombe,0,10,0%,45
chelsea web design,0,10,0%,45.4
pest control sudbury,0,10,0%,45.6
new build scaffolding in weston-super-mare,0,10,0%,45.8
website design clacton,0,10,0%,46.1
carpet cleaning trowbridge,0,10,0%,46.2
locksmith swadlincote,0,10,0%,46.3
florists in south shields tyne and wear,0,10,0%,46.6
business scaffolding high wycombe,0,10,0%,46.9
skip hire bridgwater,0,10,0%,47.3
mechanical installation pontypridd,0,10,0%,47.5
scaffolding hire high wycombe,0,10,0%,47.8
website design bromley,0,10,0%,47.9
skip hire glastonbury,0,10,0%,48.4
web design rushden,0,10,0%,48.9
falkirk web design,0,10,0%,49.2
birthday dj dumbarton,0,10,0%,49.5
eye care services redditch,0,10,0%,49.9
scaffolders crawley,0,10,0%,49.9
domestic scaffolding rushden,0,10,0%,50.4
web design woodbridge,0,10,0%,50.7
web designer warwick,0,10,0%,51
website design caerphilly,0,10,0%,53.1
window cleaning swansea,0,10,0%,53.6
website design in whitehaven,0,10,0%,53.8